9241421688590303744
262656
512
512
262656
68853957120
512
512
134480384
262656
512
512
262656
134480384
512
512
35253226045952
262656
512
512
262656
68853957120
512
512
134480384
262656
512
512
262656
134480384
512
512
35253226045952
262656
512
512
262656
68853957120
512
512
134480384
262656
512
512
262656
134480384
512
512
18049651735527936
262656
512
512
262656
68853957120
512
512
134480384
262656
512
512
262656
134480384
512
512
0
0
0
0
0
0
0
0
0
0
0
0
0
0
0
0
0
0
0
0
0
0
0
0
0
0
0
0
0
0
0
0
0
0
0
0
0
0
0
0
0
0
0
0
0
0
0
0
0
0
0
0
0
0
0
0
0
0
0
0
0
0
0
0
0
0
0
0
0
0
0
0
0
0
0
0
0
0
0
0
0
0
0
0
0
0
0
0
0
0
0
0
0
0
0
0
0
0
0
0
0
0
0
0
0
0
0
0
0
0
0
0
0
0
0
0
0
0
0
0
0
0
0
0
0
0
0
0
0
0
0
0
0
0
0
0
0
0
0
0
0
0
0
0
0
0
0
0
0
0
0
0
0
0
0
0
0
0
0
0
0
0
0
0
0
0
0
0
0
0
0
0
0
0
0
0
0
0
0
0
0
0
0
0
0
0
0
0
0
0
0
0
0
0
0
0
0
0
0
0
0
0
0
0
0
0
0
0
0
0
0
0
0
0
0
0
0
0
0
0
0
0
0
0
0
0
0
0
0
0
0
0
0
0
0
0
0
0
0
0
0
0
0
0
0
0
0
0
0
0
0
0
0
0
0
0
0
0
0
0
0
0
0
0
0
0
0
0
0
0
0
0
0
0
0
0
0
0
0
0
0
0
0
0
0
0
0
0
0
0
0
0
0
0
0
0
0
0
0
0
0
0
0
0
0
0
0
0
0
0
0
0
0
0
0
0
0
0
0
0
0
0
0
0
0
0
0
0
0
0
0
0
0
0
0
0
0
0
0
0
0
0
0
0
0
0
0
0
0
0
0
0
0
0
0
0
0
0
0
0
0
0
0
0
0
0
0
0
0
0
0
0
0
0
0
0
0
0
0
0
0
0
0
0
0
0
0
0
0
0
0
0
0
0
0
0
0
0
0
0
0
0
0
0
0
0
0
0
0
0
0
0
0
0
0
0
0
0
0
0
0
0
0
0
0
0
0
0
0
0
0
0
0
0
0
0
0
0
0
0
0
0
0
0
0
0
0
0
36099303471056128
1280
268961024
1280
525568
1280
525568
1280
70506452092160
1280
268961024
1280
525568
1280
525568
1280
137707914496
1280
268961024
1280
525568
1280
525568
1280
137707914496
1280
268961024
1280
525568
1280
525568
1280
0
0
0
0
0
0
0
0
0
0
0
0
0
0
0
0
0
0
0
0
0
0
0
0
0
0
0
0
0
0
0
0
0
0
0
0
0
0
0
0
0
0
0
0
0
0
0
0
0
0
0
0
0
0
0
0
0
0
0
0
0
0
0
0
0
0
0
0
0
0
0
0
0
0
0
0
0
0
0
0
0
0
0
0
0
0
0
0
0
0
0
0
0
0
0
0
0
0
0
0
0
0
0
0
0
0
0
0
0
0
0
0
0
0
0
0
0
0
0
0
0
0
0
0
0
0
0
0
0
0
0
0
0
0
0
0
0
0
0
0
0
0
0
0
0
0
0
0
0
0
0
0
0
0
0
0
0
0
0
0
0
0
0
0
0
0
0
0
0
0
0
0
0
0
0
0
0
0
0
0
0
0
0
0
0
0
0
0
0
0
0
0
0
0
0
0
0
0
0
0
0
0
0
0
0
0
0
0
0
0
0
0
0
0
0
0
0
0
0
0
0
0
0
0
0
0
0
0
0
0
0
0
0
0
0
0
0
0
0
0
0
0
0
0
0
0
0
0
0
0
0
0
0
0
0
0
0
0
0
0
0
0
0
0
0
0
0
0
0
0
0
0
0
0
0
0
0
0
0
0
0
0
0
0
0
0
0
0
0
0
0
0
0
0
0
0
0
0
0
0
0
0
0
0
0
0
0
0
0
0
0
0
0
0
0
0
0
0
0
0
0
0
0
0
0
0
0
0
0
0
0
0
0
0
0
0
0
0
0
0
0
0
0
0
0
0
0
0
0
0
0
0
0
0
0
0
0
0
0
0
0
0
0
0
0
0
0
0
0
0
0
0
0
0
0
0
0
0
0
0
0
0
0
0
0
0
0
0
0
0
0
0
0
0
0
0
0
0
0
0
0
0
0
0
0
0
0
0
0
0
0
0
0
0
0
0
0
0
0
0
0
0
0
0
0
0
0
0
0
0
0
0
0
0
0
0
0
0
0
0
0
0
0
0
0
0
0
0
0
0
0
0
0
0
0
0
0
0
0
0
0
0
0
0
0
0
0
0
0
0
0
0
0
0
0
0
0
0
0
0
141012904249856
1116672
537922048
1051136
68096
68096
2560
2560
68096
68096
2560
2560
275415894528
1116672
537922048
1051136
537987584
1116672
141012904184320
1051136
68096
68096
2560
2560
68096
68096
2560
2560
537987584
1116672
275415828992
1051136
0
0
0
0
0
0
0
0
0
0
0
0
0
0
0
0
0
0
0
0
0
0
0
0
0
0
0
0
0
0
0
0
0
0
0
0
0
0
0
0
0
0
0
0
0
0
0
0
0
0
0
0
0
0
0
0
0
0
0
0
0
0
0
0
0
0
0
0
0
0
0
0
0
0
0
0
0
0
0
0
0
0
0
0
0
0
0
0
0
0
0
0
0
0
0
0
0
0
0
0
0
0
0
0
0
0
0
0
0
0
0
0
0
0
0
0
0
0
0
0
0
0
0
0
0
0
0
0
0
0
0
0
0
0
0
0
0
0
0
0
0
0
0
0
0
0
0
0
0
0
0
0
0
0
0
0
0
0
0
0
0
0
0
0
0
0
0
0
0
0
0
0
0
0
0
0
0
0
0
0
0
0
0
0
0
0
0
0
0
0
0
0
0
0
0
0
0
0
0
0
0
0
0
0
0
0
0
0
0
0
0
0
0
0
0
0
0
0
0
0
0
0
0
0
0
0
0
0
0
0
0
0
0
0
0
0
0
0
0
0
0
0
0
0
0
0
0
0
0
0
0
0
0
0
0
0
0
0
0
0
0
0
0
0
0
0
0
0
0
0
0
0
0
0
0
0
0
0
0
0
0
0
0
0
0
0
0
0
0
0
0
0
0
0
0
0
0
0
0
0
0
0
0
0
0
0
0
0
0
0
0
0
0
0
0
0
0
0
0
0
0
0
0
0
0
0
0
0
0
0
0
0
0
0
0
0
0
0
0
0
0
0
0
0
0
0
0
0
0
0
0
0
0
0
0
0
0
0
0
0
0
0
0
0
0
0
0
0
0
0
0
0
0
0
0
0
0
0
0
0
0
0
0
0
0
0
0
0
0
0
0
0
0
0
0
0
0
0
0
0
0
0
0
0
0
0
0
0
0
0
0
0
0
0
0
0
0
0
0
0
0
0
0
0
0
0
0
0
0
0
0
0
0
0
0
0
0
0
0
0
0
0
0
0
0
0
0
0
0
0
0
0
0
0
0
0
0
0
0
0
0
0
0
0
0
0
0
0
0
0
0
0
0
0
0
0
0
0
0
0
550848566272
136192
5120
2102272
1092752384
550831789056
5120
5120
16913408
1075975168
550831657984
5120
16913408
136192
1075844096
550831657984
19010560
136192
5120
1075844096
19010560
2233344
5120
5120
16913408
2233344
2102272
5120
16913408
136192
2102272
2102272
0
0
0
0
0
0
0
0
0
0
0
0
0
0
0
0
0
0
0
0
0
0
0
0
0
0
0
0
0
0
0
0
0
0
0
0
0
0
0
0
0
0
0
0
0
0
0
0
0
0
0
0
0
0
0
0
0
0
0
0
0
0
0
0
0
0
0
0
0
0
0
0
0
0
0
0
0
0
0
0
0
0
0
0
0
0
0
0
0
0
0
0
0
0
0
0
0
0
0
0
0
0
0
0
0
0
0
0
0
0
0
0
0
0
0
0
0
0
0
0
0
0
0
0
0
0
0
0
0
0
0
0
0
0
0
0
0
0
0
0
0
0
0
0
0
0
0
0
0
0
0
0
0
0
0
0
0
0
0
0
0
0
0
0
0
0
0
0
0
0
0
0
0
0
0
0
0
0
0
0
0
0
0
0
0
0
0
0
0
0
0
0
0
0
0
0
0
0
0
0
0
0
0
0
0
0
0
0
0
0
0
0
0
0
0
0
0
0
0
0
0
0
0
0
0
0
0
0
0
0
0
0
0
0
0
0
0
0
0
0
0
0
0
0
0
0
0
0
0
0
0
0
0
0
0
0
0
0
0
0
0
0
0
0
0
0
0
0
0
0
0
0
0
0
0
0
0
0
0
0
0
0
0
0
0
0
0
0
0
0
0
0
0
0
0
0
0
0
0
0
0
0
0
0
0
0
0
0
0
0
0
0
0
0
0
0
0
0
0
0
0
0
0
0
0
0
0
0
0
0
0
0
0
0
0
0
0
0
0
0
0
0
0
0
0
0
0
0
0
0
0
0
0
0
0
0
0
0
0
0
0
0
0
0
0
0
0
0
0
0
0
0
0
0
0
0
0
0
0
0
0
0
0
0
0
0
0
0
0
0
0
0
0
0
0
0
0
0
0
0
0
0
0
0
0
0
0
0
0
0
0
0
0
0
0
0
0
0
0
0
0
0
0
0
0
0
0
0
0
0
0
0
0
0
0
0
0
0
0
0
0
0
0
0
0
0
0
0
0
0
0
0
0
0
0
0
0
0
0
0
0
0
0
0
0
0
0
0
0
0
0
0
0
0
0
0
0
0
0
0
6480472064
2151688192
4332988416
4204544
4328794112
10240
4328794112
10240
2151950336
2151688192
4466688
4204544
272384
10240
272384
10240
2185504768
2151688192
38021120
4204544
33826816
10240
33826816
10240
2151950336
2151688192
4466688
4204544
272384
10240
272384
10240
0
0
0
0
0
0
0
0
0
0
0
0
0
0
0
0
0
0
0
0
0
0
0
0
0
0
0
0
0
0
0
0
0
0
0
0
0
0
0
0
0
0
0
0
0
0
0
0
0
0
0
0
0
0
0
0
0
0
0
0
0
0
0
0
0
0
0
0
0
0
0
0
0
0
0
0
0
0
0
0
0
0
0
0
0
0
0
0
0
0
0
0
0
0
0
0
0
0
0
0
0
0
0
0
0
0
0
0
0
0
0
0
0
0
0
0
0
0
0
0
0
0
0
0
0
0
0
0
0
0
0
0
0
0
0
0
0
0
0
0
0
0
0
0
0
0
0
0
0
0
0
0
0
0
0
0
0
0
0
0
0
0
0
0
0
0
0
0
0
0
0
0
0
0
0
0
0
0
0
0
0
0
0
0
0
0
0
0
0
0
0
0
0
0
0
0
0
0
0
0
0
0
0
0
0
0
0
0
0
0
0
0
0
0
0
0
0
0
0
0
0
0
0
0
0
0
0
0
0
0
0
0
0
0
0
0
0
0
0
0
0
0
0
0
0
0
0
0
0
0
0
0
0
0
0
0
0
0
0
0
0
0
0
0
0
0
0
0
0
0
0
0
0
0
0
0
0
0
0
0
0
0
0
0
0
0
0
0
0
0
0
0
0
0
0
0
0
0
0
0
0
0
0
0
0
0
0
0
0
0
0
0
0
0
0
0
0
0
0
0
0
0
0
0
0
0
0
0
0
0
0
0
0
0
0
0
0
0
0
0
0
0
0
0
0
0
0
0
0
0
0
0
0
0
0
0
0
0
0
0
0
0
0
0
0
0
0
0
0
0
0
0
0
0
0
0
0
0
0
0
0
0
0
0
0
0
0
0
0
0
0
0
0
0
0
0
0
0
0
0
0
0
0
0
0
0
0
0
0
0
0
0
0
0
0
0
0
0
0
0
0
0
0
0
0
0
0
0
0
0
0
0
0
0
0
0
0
0
0
0
0
0
0
0
0
0
0
0
0
0
0
0
0
0
0
0
0
0
0
0
0
0
0
0
0
0
0
0
0
0
0
0
0
0
0
0
0
0
0
0
1108177604608
8657588224
8409088
0
20480
8409088
544768
8933376
8933376
544768
20480
8409088
8409088
20480
76042240
67653632
1108169216000
8665976832
20480
8409088
8409088
20480
8933376
0
544768
8933376
8409088
20480
20480
8409088
67653632
76042240
0
0
0
0
0
0
0
0
0
0
0
0
0
0
0
0
0
0
0
0
0
0
0
0
0
0
0
0
0
0
0
0
0
0
0
0
0
0
0
0
0
0
0
0
0
0
0
0
0
0
0
0
0
0
0
0
0
0
0
0
0
0
0
0
0
0
0
0
0
0
0
0
0
0
0
0
0
0
0
0
0
0
0
0
0
0
0
0
0
0
0
0
0
0
0
0
0
0
0
0
0
0
0
0
0
0
0
0
0
0
0
0
0
0
0
0
0
0
0
0
0
0
0
0
0
0
0
0
0
0
0
0
0
0
0
0
0
0
0
0
0
0
0
0
0
0
0
0
0
0
0
0
0
0
0
0
0
0
0
0
0
0
0
0
0
0
0
0
0
0
0
0
0
0
0
0
0
0
0
0
0
0
0
0
0
0
0
0
0
0
0
0
0
0
0
0
0
0
0
0
0
0
0
0
0
0
0
0
0
0
0
0
0
0
0
0
0
0
0
0
0
0
0
0
0
0
0
0
0
0
0
0
0
0
0
0
0
0
0
0
0
0
0
0
0
0
0
0
0
0
0
0
0
0
0
0
0
0
0
0
0
0
0
0
0
0
0
0
0
0
0
0
0
0
0
0
0
0
0
0
0
0
0
0
0
0
0
0
0
0
0
0
0
0
0
0
0
0
0
0
0
0
0
0
0
0
0
0
0
0
0
0
0
0
0
0
0
0
0
0
0
0
0
0
0
0
0
0
0
0
0
0
0
0
0
0
0
0
0
0
0
0
0
0
0
0
0
0
0
0
0
0
0
0
0
0
0
0
0
0
0
0
0
0
0
0
0
0
0
0
0
0
0
0
0
0
0
0
0
0
0
0
0
0
0
0
0
0
0
0
0
0
0
0
0
0
0
0
0
0
0
0
0
0
0
0
0
0
0
0
0
0
0
0
0
0
0
0
0
0
0
0
0
0
0
0
0
0
0
0
0
0
0
0
0
0
0
0
0
0
0
0
0
0
0
0
0
0
0
0
0
0
0
0
0
0
0
0
0
0
0
0
0
0
0
0
0
0
0
0
0
0
0
0
0
0
0
0
0
0
283691315142656
135307264
40960
40960
17315176448
135307264
40960
40960
1089536
1089536
40960
40960
1089536
1089536
40960
40960
2216338432000
135307264
40960
40960
17315176448
135307264
40960
40960
1089536
1089536
40960
40960
1089536
1089536
40960
40960
0
0
0
0
0
0
0
0
0
0
0
0
0
0
0
0
0
0
0
0
0
0
0
0
0
0
0
0
0
0
0
0
0
0
0
0
0
0
0
0
0
0
0
0
0
0
0
0
0
0
0
0
0
0
0
0
0
0
0
0
0
0
0
0
0
0
0
0
0
0
0
0
0
0
0
0
0
0
0
0
0
0
0
0
0
0
0
0
0
0
0
0
0
0
0
0
0
0
0
0
0
0
0
0
0
0
0
0
0
0
0
0
0
0
0
0
0
0
0
0
0
0
0
0
0
0
0
0
0
0
0
0
0
0
0
0
0
0
0
0
0
0
0
0
0
0
0
0
0
0
0
0
0
0
0
0
0
0
0
0
0
0
0
0
0
0
0
0
0
0
0
0
0
0
0
0
0
0
0
0
0
0
0
0
0
0
0
0
0
0
0
0
0
0
0
0
0
0
0
0
0
0
0
0
0
0
0
0
0
0
0
0
0
0
0
0
0
0
0
0
0
0
0
0
0
0
0
0
0
0
0
0
0
0
0
0
0
0
0
0
0
0
0
0
0
0
0
0
0
0
0
0
0
0
0
0
0
0
0
0
0
0
0
0
0
0
0
0
0
0
0
0
0
0
0
0
0
0
0
0
0
0
0
0
0
0
0
0
0
0
0
0
0
0
0
0
0
0
0
0
0
0
0
0
0
0
0
0
0
0
0
0
0
0
0
0
0
0
0
0
0
0
0
0
0
0
0
0
0
0
0
0
0
0
0
0
0
0
0
0
0
0
0
0
0
0
0
0
0
0
0
0
0
0
0
0
0
0
0
0
0
0
0
0
0
0
0
0
0
0
0
0
0
0
0
0
0
0
0
0
0
0
0
0
0
0
0
0
0
0
0
0
0
0
0
0
0
0
0
0
0
0
0
0
0
0
0
0
0
0
0
0
0
0
0
0
0
0
0
0
0
0
0
0
0
0
0
0
0
0
0
0
0
0
0
0
0
0
0
0
0
0
0
0
0
0
0
0
0
0
0
0
0
0
0
0
0
0
0
0
0
0
0
0
0
0
0
0
0
0
0
0
0
0
0
0
0
0
0
0
72624976668147712
16384
2113536
16384
16384
567382630219776
16384
2113536
4432676798464
16384
270548992
16384
16384
4432676798464
16384
270548992
34630287360
16384
270548992
16384
16384
34630287360
16384
270548992
34630287360
16384
270548992
16384
16384
34630287360
16384
270548992
2113536
16384
270548992
16384
16384
2113536
16384
270548992
2113536
16384
2113536
16384
16384
2113536
16384
2113536
2113536
16384
2113536
16384
16384
2113536
16384
2113536
2113536
16384
2113536
16384
16384
2113536
16384
2113536
0
0
0
0
0
0
0
0
0
0
0
0
0
0
0
0
0
0
0
0
0
0
0
0
0
0
0
0
0
0
0
0
0
0
0
0
0
0
0
0
0
0
0
0
0
0
0
0
0
0
0
0
0
0
0
0
0
0
0
0
0
0
0
0
0
0
0
0
0
0
0
0
0
0
0
0
0
0
0
0
0
0
0
0
0
0
0
0
0
0
0
0
0
0
0
0
0
0
0
0
0
0
0
0
0
0
0
0
0
0
0
0
0
0
0
0
0
0
0
0
0
0
0
0
0
0
0
0
0
0
0
0
0
0
0
0
0
0
0
0
0
0
0
0
0
0
0
0
0
0
0
0
0
0
0
0
0
0
0
0
0
0
0
0
0
0
0
0
0
0
0
0
0
0
0
0
0
0
0
0
0
0
0
0
0
0
0
0
0
0
0
0
0
0
0
0
0
0
0
0
0
0
0
0
0
0
0
0
0
0
0
0
0
0
0
0
0
0
0
0
0
0
0
0
0
0
0
0
0
0
0
0
0
0
0
0
0
0
0
0
0
0
0
0
0
0
0
0
0
0
0
0
0
0
0
0
0
0
0
0
0
0
0
0
0
0
0
0
0
0
0
0
0
0
0
0
0
0
0
0
0
0
0
0
0
0
0
0
0
0
0
0
0
0
0
0
0
0
0
0
0
0
0
0
0
0
0
0
0
0
0
0
0
0
0
0
0
0
0
0
0
0
0
0
0
0
0
0
0
0
0
0
0
0
0
0
0
0
0
0
0
0
0
0
0
0
0
0
0
0
0
0
0
0
0
0
0
0
0
0
0
0
0
0
0
0
0
0
0
0
0
0
0
0
0
0
0
0
0
0
0
0
0
0
0
0
0
0
0
0
0
0
0
0
0
0
0
0
0
0
0
0
0
0
0
0
0
0
0
0
0
0
0
0
0
0
0
0
0
0
0
0
0
0
0
0
0
0
0
0
0
0
0
0
0
0
0
0
0
0
0
0
0
0
0
0
0
0
4620710844295151618
9024825867763714
17626613022722
17626613022722
131074
131074
131074
131074
34426978306
34426978306
34426978306
34426978306
131074
131074
131074
131074
67239938
67239938
67239938
67239938
131074
131074
131074
131074
67239938
67239938
67239938
67239938
131074
131074
131074
131074
0
0
0
0
0
0
0
0
0
0
0
0
0
0
0
0
0
0
0
0
0
0
0
0
0
0
0
0
0
0
0
0
0
0
0
0
0
0
0
0
0
0
0
0
0
0
0
0
0
0
0
0
0
0
0
0
0
0
0
0
0
0
0
0
0
0
0
0
0
0
0
0
0
0
0
0
0
0
0
0
0
0
0
0
0
0
0
0
0
0
0
0
0
0
0
0
0
0
0
0
0
0
0
0
0
0
0
0
0
0
0
0
0
0
0
0
0
0
0
0
0
0
0
0
0
0
0
0
0
0
0
0
0
0
0
0
0
0
0
0
0
0
0
0
0
0
0
0
0
0
0
0
0
0
0
0
0
0
0
0
0
0
0
0
0
0
0
0
0
0
0
0
0
0
0
0
0
0
0
0
0
0
0
0
0
0
0
0
0
0
0
0
0
0
0
0
0
0
0
0
0
0
0
0
0
0
0
0
0
0
0
0
0
0
0
0
0
0
0
0
0
0
0
0
0
0
0
0
0
0
0
0
0
0
0
0
0
0
0
0
0
0
0
0
0
0
0
0
0
0
0
0
0
0
0
0
0
0
0
0
0
0
0
0
0
0
0
0
0
0
0
0
0
0
0
0
0
0
0
0
0
0
0
0
0
0
0
0
0
0
0
0
0
0
0
0
0
0
0
0
0
0
0
0
0
0
0
0
0
0
0
0
0
0
0
0
0
0
0
0
0
0
0
0
0
0
0
0
0
0
0
0
0
0
0
0
0
0
0
0
0
0
0
0
0
0
0
0
0
0
0
0
0
0
0
0
0
0
0
0
0
0
0
0
0
0
0
0
0
0
0
0
0
0
0
0
0
0
0
0
0
0
0
0
0
0
0
0
0
0
0
0
0
0
0
0
0
0
0
0
0
0
0
0
0
0
0
0
0
0
0
0
0
0
0
0
0
0
0
0
0
0
0
0
0
0
0
0
0
0
0
0
0
0
0
0
0
0
0
0
0
0
0
0
0
0
0
0
0
0
0
0
0
0
0
0
0
0
0
0
0
0
0
0
0
0
0
0
0
0
0
0
0
0
0
0
0
0
0
0
9241421688590368773
327685
35253226110981
327685
18049651735592965
327685
35253226110981
327685
68854022149
327685
68854022149
327685
68854022149
327685
68854022149
327685
134545413
327685
134545413
327685
134545413
327685
134545413
327685
134545413
327685
134545413
327685
134545413
327685
134545413
327685
0
0
0
0
0
0
0
0
0
0
0
0
0
0
0
0
0
0
0
0
0
0
0
0
0
0
0
0
0
0
0
0
0
0
0
0
0
0
0
0
0
0
0
0
0
0
0
0
0
0
0
0
0
0
0
0
0
0
0
0
0
0
0
0
0
0
0
0
0
0
0
0
0
0
0
0
0
0
0
0
0
0
0
0
0
0
0
0
0
0
0
0
0
0
0
0
0
0
0
0
0
0
0
0
0
0
0
0
0
0
0
0
0
0
0
0
0
0
0
0
0
0
0
0
0
0
0
0
0
0
0
0
0
0
0
0
0
0
0
0
0
0
0
0
0
0
0
0
0
0
0
0
0
0
0
0
0
0
0
0
0
0
0
0
0
0
0
0
0
0
0
0
0
0
0
0
0
0
0
0
0
0
0
0
0
0
0
0
0
0
0
0
0
0
0
0
0
0
0
0
0
0
0
0
0
0
0
0
0
0
0
0
0
0
0
0
0
0
0
0
0
0
0
0
0
0
0
0
0
0
0
0
0
0
0
0
0
0
0
0
0
0
0
0
0
0
0
0
0
0
0
0
0
0
0
0
0
0
0
0
0
0
0
0
0
0
0
0
0
0
0
0
0
0
0
0
0
0
0
0
0
0
0
0
0
0
0
0
0
0
0
0
0
0
0
0
0
0
0
0
0
0
0
0
0
0
0
0
0
0
0
0
0
0
0
0
0
0
0
0
0
0
0
0
0
0
0
0
0
0
0
0
0
0
0
0
0
0
0
0
0
0
0
0
0
0
0
0
0
0
0
0
0
0
0
0
0
0
0
0
0
0
0
0
0
0
0
0
0
0
0
0
0
0
0
0
0
0
0
0
0
0
0
0
0
0
0
0
0
0
0
0
0
0
0
0
0
0
0
0
0
0
0
0
0
0
0
0
0
0
0
0
0
0
0
0
0
0
0
0
0
0
0
0
0
0
0
0
0
0
0
0
0
0
0
0
0
0
0
0
0
0
0
0
0
0
0
0
0
0
0
0
0
0
0
0
0
0
0
0
0
0
0
0
0
0
0
0
0
0
0
0
0
0
0
0
0
0
0
0
36099303487963146
655370
285868042
137724821514
36099303471185930
285868042
269090826
137708044298
70506468999178
269090826
285868042
137724821514
70506452221962
285868042
269090826
137708044298
17432586
269090826
17432586
17432586
655370
17432586
655370
655370
17432586
655370
17432586
17432586
655370
17432586
655370
655370
0
0
0
0
0
0
0
0
0
0
0
0
0
0
0
0
0
0
0
0
0
0
0
0
0
0
0
0
0
0
0
0
0
0
0
0
0
0
0
0
0
0
0
0
0
0
0
0
0
0
0
0
0
0
0
0
0
0
0
0
0
0
0
0
0
0
0
0
0
0
0
0
0
0
0
0
0
0
0
0
0
0
0
0
0
0
0
0
0
0
0
0
0
0
0
0
0
0
0
0
0
0
0
0
0
0
0
0
0
0
0
0
0
0
0
0
0
0
0
0
0
0
0
0
0
0
0
0
0
0
0
0
0
0
0
0
0
0
0
0
0
0
0
0
0
0
0
0
0
0
0
0
0
0
0
0
0
0
0
0
0
0
0
0
0
0
0
0
0
0
0
0
0
0
0
0
0
0
0
0
0
0
0
0
0
0
0
0
0
0
0
0
0
0
0
0
0
0
0
0
0
0
0
0
0
0
0
0
0
0
0
0
0
0
0
0
0
0
0
0
0
0
0
0
0
0
0
0
0
0
0
0
0
0
0
0
0
0
0
0
0
0
0
0
0
0
0
0
0
0
0
0
0
0
0
0
0
0
0
0
0
0
0
0
0
0
0
0
0
0
0
0
0
0
0
0
0
0
0
0
0
0
0
0
0
0
0
0
0
0
0
0
0
0
0
0
0
0
0
0
0
0
0
0
0
0
0
0
0
0
0
0
0
0
0
0
0
0
0
0
0
0
0
0
0
0
0
0
0
0
0
0
0
0
0
0
0
0
0
0
0
0
0
0
0
0
0
0
0
0
0
0
0
0
0
0
0
0
0
0
0
0
0
0
0
0
0
0
0
0
0
0
0
0
0
0
0
0
0
0
0
0
0
0
0
0
0
0
0
0
0
0
0
0
0
0
0
0
0
0
0
0
0
0
0
0
0
0
0
0
0
0
0
0
0
0
0
0
0
0
0
0
0
0
0
0
0
0
0
0
0
0
0
0
0
0
0
0
0
0
0
0
0
0
0
0
0
0
0
0
0
0
0
0
0
0
0
0
0
0
0
0
0
0
0
0
0
0
0
0
0
0
0
0
0
0
0
0
0
0
141017232965652
4866703380
141012937998356
571736084
141012904443924
538181652
141012904443924
538181652
4329832468
4329832468
34865172
34865172
1310740
1310740
1310740
1310740
4329832468
4329832468
34865172
34865172
1310740
1310740
1310740
1310740
279744610324
4866703380
275449643028
571736084
275416088596
538181652
275416088596
538181652
0
0
0
0
0
0
0
0
0
0
0
0
0
0
0
0
0
0
0
0
0
0
0
0
0
0
0
0
0
0
0
0
0
0
0
0
0
0
0
0
0
0
0
0
0
0
0
0
0
0
0
0
0
0
0
0
0
0
0
0
0
0
0
0
0
0
0
0
0
0
0
0
0
0
0
0
0
0
0
0
0
0
0
0
0
0
0
0
0
0
0
0
0
0
0
0
0
0
0
0
0
0
0
0
0
0
0
0
0
0
0
0
0
0
0
0
0
0
0
0
0
0
0
0
0
0
0
0
0
0
0
0
0
0
0
0
0
0
0
0
0
0
0
0
0
0
0
0
0
0
0
0
0
0
0
0
0
0
0
0
0
0
0
0
0
0
0
0
0
0
0
0
0
0
0
0
0
0
0
0
0
0
0
0
0
0
0
0
0
0
0
0
0
0
0
0
0
0
0
0
0
0
0
0
0
0
0
0
0
0
0
0
0
0
0
0
0
0
0
0
0
0
0
0
0
0
0
0
0
0
0
0
0
0
0
0
0
0
0
0
0
0
0
0
0
0
0
0
0
0
0
0
0
0
0
0
0
0
0
0
0
0
0
0
0
0
0
0
0
0
0
0
0
0
0
0
0
0
0
0
0
0
0
0
0
0
0
0
0
0
0
0
0
0
0
0
0
0
0
0
0
0
0
0
0
0
0
0
0
0
0
0
0
0
0
0
0
0
0
0
0
0
0
0
0
0
0
0
0
0
0
0
0
0
0
0
0
0
0
0
0
0
0
0
0
0
0
0
0
0
0
0
0
0
0
0
0
0
0
0
0
0
0
0
0
0
0
0
0
0
0
0
0
0
0
0
0
0
0
0
0
0
0
0
0
0
0
0
0
0
0
0
0
0
0
0
0
0
0
0
0
0
0
0
0
0
0
0
0
0
0
0
0
0
0
0
0
0
0
0
0
0
0
0
0
0
0
0
0
0
0
0
0
0
0
0
0
0
0
0
0
0
0
0
0
0
0
0
0
0
0
0
0
0
0
0
0
0
0
0
0
0
0
0
0
0
0
0
0
0
0
0
0
0
0
0
0
0
0
0
1659000848424
1109245034536
550899286056
1143472168
550832177192
1076363304
550832177192
1076363304
559489220648
9733406760
550899286056
1143472168
550832177192
1076363304
550832177192
1076363304
1108171292712
1108171292712
69730344
69730344
2621480
2621480
2621480
2621480
8659664936
8659664936
69730344
69730344
2621480
2621480
2621480
2621480
0
0
0
0
0
0
0
0
0
0
0
0
0
0
0
0
0
0
0
0
0
0
0
0
0
0
0
0
0
0
0
0
0
0
0
0
0
0
0
0
0
0
0
0
0
0
0
0
0
0
0
0
0
0
0
0
0
0
0
0
0
0
0
0
0
0
0
0
0
0
0
0
0
0
0
0
0
0
0
0
0
0
0
0
0
0
0
0
0
0
0
0
0
0
0
0
0
0
0
0
0
0
0
0
0
0
0
0
0
0
0
0
0
0
0
0
0
0
0
0
0
0
0
0
0
0
0
0
0
0
0
0
0
0
0
0
0
0
0
0
0
0
0
0
0
0
0
0
0
0
0
0
0
0
0
0
0
0
0
0
0
0
0
0
0
0
0
0
0
0
0
0
0
0
0
0
0
0
0
0
0
0
0
0
0
0
0
0
0
0
0
0
0
0
0
0
0
0
0
0
0
0
0
0
0
0
0
0
0
0
0
0
0
0
0
0
0
0
0
0
0
0
0
0
0
0
0
0
0
0
0
0
0
0
0
0
0
0
0
0
0
0
0
0
0
0
0
0
0
0
0
0
0
0
0
0
0
0
0
0
0
0
0
0
0
0
0
0
0
0
0
0
0
0
0
0
0
0
0
0
0
0
0
0
0
0
0
0
0
0
0
0
0
0
0
0
0
0
0
0
0
0
0
0
0
0
0
0
0
0
0
0
0
0
0
0
0
0
0
0
0
0
0
0
0
0
0
0
0
0
0
0
0
0
0
0
0
0
0
0
0
0
0
0
0
0
0
0
0
0
0
0
0
0
0
0
0
0
0
0
0
0
0
0
0
0
0
0
0
0
0
0
0
0
0
0
0
0
0
0
0
0
0
0
0
0
0
0
0
0
0
0
0
0
0
0
0
0
0
0
0
0
0
0
0
0
0
0
0
0
0
0
0
0
0
0
0
0
0
0
0
0
0
0
0
0
0
0
0
0
0
0
0
0
0
0
0
0
0
0
0
0
0
0
0
0
0
0
0
0
0
0
0
0
0
0
0
0
0
0
0
0
0
0
0
0
0
0
0
0
0
0
0
0
0
0
0
0
0
0
283693466779728
17319329872
2286944336
139460688
2152726608
5242960
2152726608
5242960
2218490069072
19466813520
2286944336
2286944336
2152726608
2152726608
2152726608
2152726608
283691319296080
19466813520
139460688
2286944336
5242960
2152726608
5242960
2152726608
2216342585424
17319329872
139460688
139460688
5242960
5242960
5242960
5242960
0
0
0
0
0
0
0
0
0
0
0
0
0
0
0
0
0
0
0
0
0
0
0
0
0
0
0
0
0
0
0
0
0
0
0
0
0
0
0
0
0
0
0
0
0
0
0
0
0
0
0
0
0
0
0
0
0
0
0
0
0
0
0
0
0
0
0
0
0
0
0
0
0
0
0
0
0
0
0
0
0
0
0
0
0
0
0
0
0
0
0
0
0
0
0
0
0
0
0
0
0
0
0
0
0
0
0
0
0
0
0
0
0
0
0
0
0
0
0
0
0
0
0
0
0
0
0
0
0
0
0
0
0
0
0
0
0
0
0
0
0
0
0
0
0
0
0
0
0
0
0
0
0
0
0
0
0
0
0
0
0
0
0
0
0
0
0
0
0
0
0
0
0
0
0
0
0
0
0
0
0
0
0
0
0
0
0
0
0
0
0
0
0
0
0
0
0
0
0
0
0
0
0
0
0
0
0
0
0
0
0
0
0
0
0
0
0
0
0
0
0
0
0
0
0
0
0
0
0
0
0
0
0
0
0
0
0
0
0
0
0
0
0
0
0
0
0
0
0
0
0
0
0
0
0
0
0
0
0
0
0
0
0
0
0
0
0
0
0
0
0
0
0
0
0
0
0
0
0
0
0
0
0
0
0
0
0
0
0
0
0
0
0
0
0
0
0
0
0
0
0
0
0
0
0
0
0
0
0
0
0
0
0
0
0
0
0
0
0
0
0
0
0
0
0
0
0
0
0
0
0
0
0
0
0
0
0
0
0
0
0
0
0
0
0
0
0
0
0
0
0
0
0
0
0
0
0
0
0
0
0
0
0
0
0
0
0
0
0
0
0
0
0
0
0
0
0
0
0
0
0
0
0
0
0
0
0
0
0
0
0
0
0
0
0
0
0
0
0
0
0
0
0
0
0
0
0
0
0
0
0
0
0
0
0
0
0
0
0
0
0
0
0
0
0
0
0
0
0
0
0
0
0
0
0
0
0
0
0
0
0
0
0
0
0
0
0
0
0
0
0
0
0
0
0
0
0
0
0
0
0
0
0
0
0
0
0
0
0
0
0
0
0
0
0
0
0
0
0
0
72624976676520096
10485920
278921376
10485920
567382638592160
10485920
278921376
10485920
4432685170848
10485920
34638659744
10485920
4432685170848
10485920
34638659744
10485920
278921376
10485920
34638659744
10485920
278921376
10485920
34638659744
10485920
278921376
10485920
278921376
10485920
278921376
10485920
278921376
10485920
0
0
0
0
0
0
0
0
0
0
0
0
0
0
0
0
0
0
0
0
0
0
0
0
0
0
0
0
0
0
0
0
0
0
0
0
0
0
0
0
0
0
0
0
0
0
0
0
0
0
0
0
0
0
0
0
0
0
0
0
0
0
0
0
0
0
0
0
0
0
0
0
0
0
0
0
0
0
0
0
0
0
0
0
0
0
0
0
0
0
0
0
0
0
0
0
0
0
0
0
0
0
0
0
0
0
0
0
0
0
0
0
0
0
0
0
0
0
0
0
0
0
0
0
0
0
0
0
0
0
0
0
0
0
0
0
0
0
0
0
0
0
0
0
0
0
0
0
0
0
0
0
0
0
0
0
0
0
0
0
0
0
0
0
0
0
0
0
0
0
0
0
0
0
0
0
0
0
0
0
0
0
0
0
0
0
0
0
0
0
0
0
0
0
0
0
0
0
0
0
0
0
0
0
0
0
0
0
0
0
0
0
0
0
0
0
0
0
0
0
0
0
0
0
0
0
0
0
0
0
0
0
0
0
0
0
0
0
0
0
0
0
0
0
0
0
0
0
0
0
0
0
0
0
0
0
0
0
0
0
0
0
0
0
0
0
0
0
0
0
0
0
0
0
0
0
0
0
0
0
0
0
0
0
0
0
0
0
0
0
0
0
0
0
0
0
0
0
0
0
0
0
0
0
0
0
0
0
0
0
0
0
0
0
0
0
0
0
0
0
0
0
0
0
0
0
0
0
0
0
0
0
0
0
0
0
0
0
0
0
0
0
0
0
0
0
0
0
0
0
0
0
0
0
0
0
0
0
0
0
0
0
0
0
0
0
0
0
0
0
0
0
0
0
0
0
0
0
0
0
0
0
0
0
0
0
0
0
0
0
0
0
0
0
0
0
0
0
0
0
0
0
0
0
0
0
0
0
0
0
0
0
0
0
0
0
0
0
0
0
0
0
0
0
0
0
0
0
0
0
0
0
0
0
0
0
0
0
0
0
0
0
0
0
0
0
0
0
0
0
0
0
0
0
0
0
0
0
0
0
0
0
0
0
0
0
0
0
0
0
0
0
0
0
0
0
0
0
0
0
145249953336262720
1134765260406848
4194368
4194368
4194368
4194368
8865353564224
8865353564224
4194368
4194368
4194368
4194368
541065280
541065280
4194368
4194368
4194368
4194368
541065280
541065280
541065280
541065280
4194368
4194368
69260542016
69260542016
541065280
541065280
4194368
4194368
69260542016
69260542016
0
0
0
0
0
0
0
0
0
0
0
0
0
0
0
0
0
0
0
0
0
0
0
0
0
0
0
0
0
0
0
0
0
0
0
0
0
0
0
0
0
0
0
0
0
0
0
0
0
0
0
0
0
0
0
0
0
0
0
0
0
0
0
0
0
0
0
0
0
0
0
0
0
0
0
0
0
0
0
0
0
0
0
0
0
0
0
0
0
0
0
0
0
0
0
0
0
0
0
0
0
0
0
0
0
0
0
0
0
0
0
0
0
0
0
0
0
0
0
0
0
0
0
0
0
0
0
0
0
0
0
0
0
0
0
0
0
0
0
0
0
0
0
0
0
0
0
0
0
0
0
0
0
0
0
0
0
0
0
0
0
0
0
0
0
0
0
0
0
0
0
0
0
0
0
0
0
0
0
0
0
0
0
0
0
0
0
0
0
0
0
0
0
0
0
0
0
0
0
0
0
0
0
0
0
0
0
0
0
0
0
0
0
0
0
0
0
0
0
0
0
0
0
0
0
0
0
0
0
0
0
0
0
0
0
0
0
0
0
0
0
0
0
0
0
0
0
0
0
0
0
0
0
0
0
0
0
0
0
0
0
0
0
0
0
0
0
0
0
0
0
0
0
0
0
0
0
0
0
0
0
0
0
0
0
0
0
0
0
0
0
0
0
0
0
0
0
0
0
0
0
0
0
0
0
0
0
0
0
0
0
0
0
0
0
0
0
0
0
0
0
0
0
0
0
0
0
0
0
0
0
0
0
0
0
0
0
0
0
0
0
0
0
0
0
0
0
0
0
0
0
0
0
0
0
0
0
0
0
0
0
0
0
0
0
0
0
0
0
0
0
0
0
0
0
0
0
0
0
0
0
0
0
0
0
0
0
0
0
0
0
0
0
0
0
0
0
0
0
0
0
0
0
0
0
0
0
0
0
0
0
0
0
0
0
0
0
0
0
0
0
0
0
0
0
0
0
0
0
0
0
0
0
0
0
0
0
0
0
0
0
0
0
0
0
0
0
0
0
0
0
0
0
0
0
0
0
0
0
0
0
0
0
0
0
0
0
0
0
0
0
0
0
0
0
0
0
0
0
0
2310355422147510788
8813306446340
33554944
33554944
4512412933816836
8813306446340
33554944
33554944
17213424132
17213424132
33554944
33554944
17213424132
17213424132
2310355422147510784
8813306446336
33554948
33554948
4512412933816832
8813306446336
33554948
33554948
17213424128
17213424128
33554948
33554948
17213424128
17213424128
33554948
33554948
33554944
33554944
0
0
0
0
0
0
0
0
0
0
0
0
0
0
0
0
0
0
0
0
0
0
0
0
0
0
0
0
0
0
0
0
0
0
0
0
0
0
0
0
0
0
0
0
0
0
0
0
0
0
0
0
0
0
0
0
0
0
0
0
0
0
0
0
0
0
0
0
0
0
0
0
0
0
0
0
0
0
0
0
0
0
0
0
0
0
0
0
0
0
0
0
0
0
0
0
0
0
0
0
0
0
0
0
0
0
0
0
0
0
0
0
0
0
0
0
0
0
0
0
0
0
0
0
0
0
0
0
0
0
0
0
0
0
0
0
0
0
0
0
0
0
0
0
0
0
0
0
0
0
0
0
0
0
0
0
0
0
0
0
0
0
0
0
0
0
0
0
0
0
0
0
0
0
0
0
0
0
0
0
0
0
0
0
0
0
0
0
0
0
0
0
0
0
0
0
0
0
0
0
0
0
0
0
0
0
0
0
0
0
0
0
0
0
0
0
0
0
0
0
0
0
0
0
0
0
0
0
0
0
0
0
0
0
0
0
0
0
0
0
0
0
0
0
0
0
0
0
0
0
0
0
0
0
0
0
0
0
0
0
0
0
0
0
0
0
0
0
0
0
0
0
0
0
0
0
0
0
0
0
0
0
0
0
0
0
0
0
0
0
0
0
0
0
0
0
0
0
0
0
0
0
0
0
0
0
0
0
0
0
0
0
0
0
0
0
0
0
0
0
0
0
0
0
0
0
0
0
0
0
0
0
0
0
0
0
0
0
0
0
0
0
0
0
0
0
0
0
0
0
0
0
0
0
0
0
0
0
0
0
0
0
0
0
0
0
0
0
0
0
0
0
0
0
0
0
0
0
0
0
0
0
0
0
0
0
0
0
0
0
0
0
0
0
0
0
0
0
0
0
0
0
0
0
0
0
0
0
0
0
0
0
0
0
0
0
0
0
0
0
0
0
0
0
0
0
0
0
0
0
0
0
0
0
0
0
0
0
0
0
0
0
0
0
0
0
0
0
0
0
0
0
0
0
0
0
0
0
0
0
0
0
0
0
0
0
0
0
0
0
0
0
0
0
0
0
0
0
0
0
4620710844311799048
4620710844311799040
83887368
83887360
9024825884411144
9024825884411136
83887368
83887360
83887368
83887360
17626629670152
17626629670144
83887368
83887360
17626629670152
17626629670144
34443625736
34443625728
83887368
83887360
34443625736
34443625728
83887368
83887360
83887368
83887360
34443625736
34443625728
83887368
83887360
34443625736
34443625728
0
0
0
0
0
0
0
0
0
0
0
0
0
0
0
0
0
0
0
0
0
0
0
0
0
0
0
0
0
0
0
0
0
0
0
0
0
0
0
0
0
0
0
0
0
0
0
0
0
0
0
0
0
0
0
0
0
0
0
0
0
0
0
0
0
0
0
0
0
0
0
0
0
0
0
0
0
0
0
0
0
0
0
0
0
0
0
0
0
0
0
0
0
0
0
0
0
0
0
0
0
0
0
0
0
0
0
0
0
0
0
0
0
0
0
0
0
0
0
0
0
0
0
0
0
0
0
0
0
0
0
0
0
0
0
0
0
0
0
0
0
0
0
0
0
0
0
0
0
0
0
0
0
0
0
0
0
0
0
0
0
0
0
0
0
0
0
0
0
0
0
0
0
0
0
0
0
0
0
0
0
0
0
0
0
0
0
0
0
0
0
0
0
0
0
0
0
0
0
0
0
0
0
0
0
0
0
0
0
0
0
0
0
0
0
0
0
0
0
0
0
0
0
0
0
0
0
0
0
0
0
0
0
0
0
0
0
0
0
0
0
0
0
0
0
0
0
0
0
0
0
0
0
0
0
0
0
0
0
0
0
0
0
0
0
0
0
0
0
0
0
0
0
0
0
0
0
0
0
0
0
0
0
0
0
0
0
0
0
0
0
0
0
0
0
0
0
0
0
0
0
0
0
0
0
0
0
0
0
0
0
0
0
0
0
0
0
0
0
0
0
0
0
0
0
0
0
0
0
0
0
0
0
0
0
0
0
0
0
0
0
0
0
0
0
0
0
0
0
0
0
0
0
0
0
0
0
0
0
0
0
0
0
0
0
0
0
0
0
0
0
0
0
0
0
0
0
0
0
0
0
0
0
0
0
0
0
0
0
0
0
0
0
0
0
0
0
0
0
0
0
0
0
0
0
0
0
0
0
0
0
0
0
0
0
0
0
0
0
0
0
0
0
0
0
0
0
0
0
0
0
0
0
0
0
0
0
0
0
0
0
0
0
0
0
0
0
0
0
0
0
0
0
0
0
0
0
0
0
0
0
0
0
0
0
0
0
0
0
0
0
0
0
0
0
0
0
0
0
0
9241421692918565393
9241421688623598097
9241421692918565392
9241421688623598096
4462742033
167774737
4462742032
167774736
9241421692918565377
9241421688623598081
9241421692918565376
9241421688623598080
4462742017
167774721
4462742016
167774720
73182218769
68887251473
73182218768
68887251472
4462742033
167774737
4462742032
167774736
73182218753
68887251457
73182218752
68887251456
4462742017
167774721
4462742016
167774720
35257554307601
35253259340305
35257554307600
35253259340304
4462742033
167774737
4462742032
167774736
35257554307585
35253259340289
35257554307584
35253259340288
4462742017
167774721
4462742016
167774720
73182218769
68887251473
73182218768
68887251472
4462742033
167774737
4462742032
167774736
73182218753
68887251457
73182218752
68887251456
4462742017
167774721
4462742016
167774720
18049656063789585
18049651768822289
18049656063789584
18049651768822288
4462742033
167774737
4462742032
167774736
18049656063789569
18049651768822273
18049656063789568
18049651768822272
4462742017
167774721
4462742016
167774720
73182218769
68887251473
73182218768
68887251472
4462742033
167774737
4462742032
167774736
73182218753
68887251457
73182218752
68887251456
4462742017
167774721
4462742016
167774720
35257554307601
35253259340305
35257554307600
35253259340304
4462742033
167774737
4462742032
167774736
35257554307585
35253259340289
35257554307584
35253259340288
4462742017
167774721
4462742016
167774720
73182218769
68887251473
73182218768
68887251472
4462742033
167774737
4462742032
167774736
73182218753
68887251457
73182218752
68887251456
4462742017
167774721
4462742016
167774720
0
0
0
0
0
0
0
0
0
0
0
0
0
0
0
0
0
0
0
0
0
0
0
0
0
0
0
0
0
0
0
0
0
0
0
0
0
0
0
0
0
0
0
0
0
0
0
0
0
0
0
0
0
0
0
0
0
0
0
0
0
0
0
0
0
0
0
0
0
0
0
0
0
0
0
0
0
0
0
0
0
0
0
0
0
0
0
0
0
0
0
0
0
0
0
0
0
0
0
0
0
0
0
0
0
0
0
0
0
0
0
0
0
0
0
0
0
0
0
0
0
0
0
0
0
0
0
0
0
0
0
0
0
0
0
0
0
0
0
0
0
0
0
0
0
0
0
0
0
0
0
0
0
0
0
0
0
0
0
0
0
0
0
0
0
0
0
0
0
0
0
0
0
0
0
0
0
0
0
0
0
0
0
0
0
0
0
0
0
0
0
0
0
0
0
0
0
0
0
0
0
0
0
0
0
0
0
0
0
0
0
0
0
0
0
0
0
0
0
0
0
0
0
0
0
0
0
0
0
0
0
0
0
0
0
0
0
0
0
0
0
0
0
0
0
0
0
0
0
0
0
0
0
0
0
0
0
0
0
0
0
0
0
0
0
0
0
0
0
0
0
0
0
0
0
0
0
0
0
0
0
0
0
0
0
0
0
0
0
0
0
0
0
0
0
0
0
0
0
0
0
0
0
0
0
0
0
0
0
0
0
0
0
0
0
0
0
0
0
0
0
0
0
0
0
0
0
0
0
0
0
0
0
0
0
0
0
0
0
0
0
0
0
0
0
0
0
0
0
0
0
0
0
0
0
0
0
0
0
0
0
0
0
0
0
0
0
0
0
0
0
0
0
0
0
0
0
0
0
0
0
0
0
0
36100411639206946
335549472
36099312127579170
335549472
1108437111810
137774502912
8925484034
137774502912
71614620242978
335549472
70515108615202
335549472
1108437111810
137774502912
8925484034
137774502912
36099303537644578
36100411639206944
36099303537644578
36099312127579168
335549442
1108437111808
335549442
8925484032
70506518680610
71614620242976
70506518680610
70515108615200
335549442
1108437111808
335549442
8925484032
1245876065314
36099303537644576
146364437538
36099303537644576
1108437111810
335549440
8925484034
335549440
1245876065314
70506518680608
146364437538
70506518680608
1108437111810
335549440
8925484034
335549440
137774502946
1245876065312
137774502946
146364437536
335549442
1108437111808
335549442
8925484032
137774502946
1245876065312
137774502946
146364437536
335549442
1108437111808
335549442
8925484032
1108437111842
137774502944
8925484066
137774502944
36100411639206914
335549440
36099312127579138
335549440
1108437111842
137774502944
8925484066
137774502944
71614620242946
335549440
70515108615170
335549440
335549474
1108437111840
335549474
8925484064
36099303537644546
36100411639206912
36099303537644546
36099312127579136
335549474
1108437111840
335549474
8925484064
70506518680578
71614620242944
70506518680578
70515108615168
1108437111842
335549472
8925484066
335549472
1245876065282
36099303537644544
146364437506
36099303537644544
1108437111842
335549472
8925484066
335549472
1245876065282
70506518680576
146364437506
70506518680576
335549474
1108437111840
335549474
8925484064
137774502914
1245876065280
137774502914
146364437504
335549474
1108437111840
335549474
8925484064
137774502914
1245876065280
137774502914
146364437504
0
0
0
0
0
0
0
0
0
0
0
0
0
0
0
0
0
0
0
0
0
0
0
0
0
0
0
0
0
0
0
0
0
0
0
0
0
0
0
0
0
0
0
0
0
0
0
0
0
0
0
0
0
0
0
0
0
0
0
0
0
0
0
0
0
0
0
0
0
0
0
0
0
0
0
0
0
0
0
0
0
0
0
0
0
0
0
0
0
0
0
0
0
0
0
0
0
0
0
0
0
0
0
0
0
0
0
0
0
0
0
0
0
0
0
0
0
0
0
0
0
0
0
0
0
0
0
0
0
0
0
0
0
0
0
0
0
0
0
0
0
0
0
0
0
0
0
0
0
0
0
0
0
0
0
0
0
0
0
0
0
0
0
0
0
0
0
0
0
0
0
0
0
0
0
0
0
0
0
0
0
0
0
0
0
0
0
0
0
0
0
0
0
0
0
0
0
0
0
0
0
0
0
0
0
0
0
0
0
0
0
0
0
0
0
0
0
0
0
0
0
0
0
0
0
0
0
0
0
0
0
0
0
0
0
0
0
0
0
0
0
0
0
0
0
0
0
0
0
0
0
0
0
0
0
0
0
0
0
0
0
0
0
0
0
0
0
0
0
0
0
0
0
0
0
0
0
0
0
0
0
0
0
0
0
0
0
0
0
0
0
0
0
0
0
0
0
0
0
0
0
0
0
0
0
0
0
0
0
0
0
0
0
0
0
0
0
0
0
0
0
0
0
0
0
0
0
0
0
0
0
0
0
0
0
0
0
0
0
0
0
0
0
0
0
0
0
0
0
0
0
0
0
0
0
0
0
0
0
0
0
0
0
0
0
0
0
0
0
0
0
0
0
0
0
0
0
0
0
0
0
0
0
0
424704217196612
141030217230404
141013037361220
141013037361220
2216874223684
17850968132
671098948
671098948
283691850934340
17850968132
671098948
671098948
2491752130624
292728875072
275549005888
275549005888
424704217196608
141030217230400
141013037361216
141013037361216
2216874223680
17850968128
671098944
671098944
283691850934336
17850968128
671098944
671098944
283966728841284
292728875076
275549005892
275549005892
143229240485892
141030217230340
141013037361156
141013037361156
283691850934340
17850968132
671098948
671098948
2216874223620
17850968068
671098884
671098884
283966728841280
292728875072
275549005888
275549005888
143229240485888
141030217230336
141013037361152
141013037361152
283691850934336
17850968128
671098944
671098944
2216874223616
17850968064
671098880
671098880
2491752130564
292728875012
275549005828
275549005828
424704217196548
141030217230340
141013037361156
141013037361156
2216874223620
17850968068
671098884
671098884
283691850934276
17850968068
671098884
671098884
2491752130560
292728875008
275549005824
275549005824
424704217196544
141030217230336
141013037361152
141013037361152
2216874223616
17850968064
671098880
671098880
283691850934272
17850968064
671098880
671098880
283966728841220
292728875012
275549005828
275549005828
143229240485956
141030217230404
141013037361220
141013037361220
283691850934276
17850968068
671098884
671098884
2216874223684
17850968132
671098948
671098948
283966728841216
292728875008
275549005824
275549005824
143229240485952
141030217230400
141013037361216
141013037361216
283691850934272
17850968064
671098880
671098880
2216874223680
17850968128
671098944
671098944
2491752130628
292728875076
275549005892
275549005892
0
0
0
0
0
0
0
0
0
0
0
0
0
0
0
0
0
0
0
0
0
0
0
0
0
0
0
0
0
0
0
0
0
0
0
0
0
0
0
0
0
0
0
0
0
0
0
0
0
0
0
0
0
0
0
0
0
0
0
0
0
0
0
0
0
0
0
0
0
0
0
0
0
0
0
0
0
0
0
0
0
0
0
0
0
0
0
0
0
0
0
0
0
0
0
0
0
0
0
0
0
0
0
0
0
0
0
0
0
0
0
0
0
0
0
0
0
0
0
0
0
0
0
0
0
0
0
0
0
0
0
0
0
0
0
0
0
0
0
0
0
0
0
0
0
0
0
0
0
0
0
0
0
0
0
0
0
0
0
0
0
0
0
0
0
0
0
0
0
0
0
0
0
0
0
0
0
0
0
0
0
0
0
0
0
0
0
0
0
0
0
0
0
0
0
0
0
0
0
0
0
0
0
0
0
0
0
0
0
0
0
0
0
0
0
0
0
0
0
0
0
0
0
0
0
0
0
0
0
0
0
0
0
0
0
0
0
0
0
0
0
0
0
0
0
0
0
0
0
0
0
0
0
0
0
0
0
0
0
0
0
0
0
0
0
0
0
0
0
0
0
0
0
0
0
0
0
0
0
0
0
0
0
0
0
0
0
0
0
0
0
0
0
0
0
0
0
0
0
0
0
0
0
0
0
0
0
0
0
0
0
0
0
0
0
0
0
0
0
0
0
0
0
0
0
0
0
0
0
0
0
0
0
0
0
0
0
0
0
0
0
0
0
0
0
0
0
0
0
0
0
0
0
0
0
0
0
0
0
0
0
0
0
0
0
0
0
0
0
0
0
0
0
0
0
0
0
0
0
0
0
0
0
0
72625527495610504
585457750024
35701936136
35701936136
551098011656
551098011784
1342197896
1342197896
72625527495610496
585457750016
35701936128
35701936128
551098011648
551098011776
1342197888
1342197888
4983504261256
567933457682568
72624977739796616
35701936136
551098011656
551098011656
1342197768
1342197896
4983504261248
567933457682560
72624977739796608
35701936128
551098011648
551098011648
1342197760
1342197888
72625527495610376
4983504261256
4433748447368
567383701868680
551098011784
551098011656
1342197768
1342197768
72625527495610368
4983504261248
4433748447360
567383701868672
551098011776
551098011648
1342197760
1342197760
4983504261128
567933457682440
72624977739796488
4433748447368
551098011784
551098011784
1342197896
1342197768
4983504261120
567933457682432
72624977739796480
4433748447360
551098011776
551098011776
1342197888
1342197760
585457750152
4983504261128
4433748447240
567383701868552
551098011656
551098011784
1342197896
1342197896
585457750144
4983504261120
4433748447232
567383701868544
551098011648
551098011776
1342197888
1342197888
585457750152
585457750152
35701936264
4433748447240
551098011656
551098011656
1342197768
1342197896
585457750144
585457750144
35701936256
4433748447232
551098011648
551098011648
1342197760
1342197888
585457750024
585457750152
35701936264
35701936264
551098011784
551098011656
1342197768
1342197768
585457750016
585457750144
35701936256
35701936256
551098011776
551098011648
1342197760
1342197760
585457750024
585457750024
35701936136
35701936264
551098011784
551098011784
1342197896
1342197768
585457750016
585457750016
35701936128
35701936256
551098011776
551098011776
1342197888
1342197760
0
0
0
0
0
0
0
0
0
0
0
0
0
0
0
0
0
0
0
0
0
0
0
0
0
0
0
0
0
0
0
0
0
0
0
0
0
0
0
0
0
0
0
0
0
0
0
0
0
0
0
0
0
0
0
0
0
0
0
0
0
0
0
0
0
0
0
0
0
0
0
0
0
0
0
0
0
0
0
0
0
0
0
0
0
0
0
0
0
0
0
0
0
0
0
0
0
0
0
0
0
0
0
0
0
0
0
0
0
0
0
0
0
0
0
0
0
0
0
0
0
0
0
0
0
0
0
0
0
0
0
0
0
0
0
0
0
0
0
0
0
0
0
0
0
0
0
0
0
0
0
0
0
0
0
0
0
0
0
0
0
0
0
0
0
0
0
0
0
0
0
0
0
0
0
0
0
0
0
0
0
0
0
0
0
0
0
0
0
0
0
0
0
0
0
0
0
0
0
0
0
0
0
0
0
0
0
0
0
0
0
0
0
0
0
0
0
0
0
0
0
0
0
0
0
0
0
0
0
0
0
0
0
0
0
0
0
0
0
0
0
0
0
0
0
0
0
0
0
0
0
0
0
0
0
0
0
0
0
0
0
0
0
0
0
0
0
0
0
0
0
0
0
0
0
0
0
0
0
0
0
0
0
0
0
0
0
0
0
0
0
0
0
0
0
0
0
0
0
0
0
0
0
0
0
0
0
0
0
0
0
0
0
0
0
0
0
0
0
0
0
0
0
0
0
0
0
0
0
0
0
0
0
0
0
0
0
0
0
0
0
0
0
0
0
0
0
0
0
0
0
0
0
0
0
0
0
0
0
0
0
0
0
0
0
0
0
0
0
0
0
0
0
0
0
0
0
0
0
0
0
0
0
0
145249955479592976
2684395536
1134767403737104
2684395536
71403872256
2684395520
71403872256
2684395520
145249955479592960
2684395520
1134767403737088
2684395520
71403872272
2684395536
71403872272
2684395536
8867496894480
2684395536
8867496894480
2684395536
71403872256
2684395520
71403872256
2684395520
8867496894464
2684395520
8867496894464
2684395520
71403872272
2684395536
71403872272
2684395536
0
0
0
0
0
0
0
0
0
0
0
0
0
0
0
0
0
0
0
0
0
0
0
0
0
0
0
0
0
0
0
0
0
0
0
0
0
0
0
0
0
0
0
0
0
0
0
0
0
0
0
0
0
0
0
0
0
0
0
0
0
0
0
0
0
0
0
0
0
0
0
0
0
0
0
0
0
0
0
0
0
0
0
0
0
0
0
0
0
0
0
0
0
0
0
0
0
0
0
0
0
0
0
0
0
0
0
0
0
0
0
0
0
0
0
0
0
0
0
0
0
0
0
0
0
0
0
0
0
0
0
0
0
0
0
0
0
0
0
0
0
0
0
0
0
0
0
0
0
0
0
0
0
0
0
0
0
0
0
0
0
0
0
0
0
0
0
0
0
0
0
0
0
0
0
0
0
0
0
0
0
0
0
0
0
0
0
0
0
0
0
0
0
0
0
0
0
0
0
0
0
0
0
0
0
0
0
0
0
0
0
0
0
0
0
0
0
0
0
0
0
0
0
0
0
0
0
0
0
0
0
0
0
0
0
0
0
0
0
0
0
0
0
0
0
0
0
0
0
0
0
0
0
0
0
0
0
0
0
0
0
0
0
0
0
0
0
0
0
0
0
0
0
0
0
0
0
0
0
0
0
0
0
0
0
0
0
0
0
0
0
0
0
0
0
0
0
0
0
0
0
0
0
0
0
0
0
0
0
0
0
0
0
0
0
0
0
0
0
0
0
0
0
0
0
0
0
0
0
0
0
0
0
0
0
0
0
0
0
0
0
0
0
0
0
0
0
0
0
0
0
0
0
0
0
0
0
0
0
0
0
0
0
0
0
0
0
0
0
0
0
0
0
0
0
0
0
0
0
0
0
0
0
0
0
0
0
0
0
0
0
0
0
0
0
0
0
0
0
0
0
0
0
0
0
0
0
0
0
0
0
0
0
0
0
0
0
0
0
0
0
0
0
0
0
0
0
0
0
0
0
0
0
0
0
0
0
0
0
0
0
0
0
0
0
0
0
0
0
0
0
0
0
0
0
0
0
0
0
0
0
0
0
0
0
0
0
0
0
0
0
0
0
0
0
0
0
0
0
0
290499906664153120
138512711712
1073758240
1073758240
2269530512441376
138512711712
1073758208
1073758208
290499906664153088
138512711680
1073758208
1073758208
2269530512441344
138512711680
17730698756128
138512711712
1073758240
1073758240
17730698756128
138512711712
1073758240
1073758240
17730698756096
138512711680
1073758208
1073758208
17730698756096
138512711680
1073758208
1073758208
1073758240
1073758240
0
0
0
0
0
0
0
0
0
0
0
0
0
0
0
0
0
0
0
0
0
0
0
0
0
0
0
0
0
0
0
0
0
0
0
0
0
0
0
0
0
0
0
0
0
0
0
0
0
0
0
0
0
0
0
0
0
0
0
0
0
0
0
0
0
0
0
0
0
0
0
0
0
0
0
0
0
0
0
0
0
0
0
0
0
0
0
0
0
0
0
0
0
0
0
0
0
0
0
0
0
0
0
0
0
0
0
0
0
0
0
0
0
0
0
0
0
0
0
0
0
0
0
0
0
0
0
0
0
0
0
0
0
0
0
0
0
0
0
0
0
0
0
0
0
0
0
0
0
0
0
0
0
0
0
0
0
0
0
0
0
0
0
0
0
0
0
0
0
0
0
0
0
0
0
0
0
0
0
0
0
0
0
0
0
0
0
0
0
0
0
0
0
0
0
0
0
0
0
0
0
0
0
0
0
0
0
0
0
0
0
0
0
0
0
0
0
0
0
0
0
0
0
0
0
0
0
0
0
0
0
0
0
0
0
0
0
0
0
0
0
0
0
0
0
0
0
0
0
0
0
0
0
0
0
0
0
0
0
0
0
0
0
0
0
0
0
0
0
0
0
0
0
0
0
0
0
0
0
0
0
0
0
0
0
0
0
0
0
0
0
0
0
0
0
0
0
0
0
0
0
0
0
0
0
0
0
0
0
0
0
0
0
0
0
0
0
0
0
0
0
0
0
0
0
0
0
0
0
0
0
0
0
0
0
0
0
0
0
0
0
0
0
0
0
0
0
0
0
0
0
0
0
0
0
0
0
0
0
0
0
0
0
0
0
0
0
0
0
0
0
0
0
0
0
0
0
0
0
0
0
0
0
0
0
0
0
0
0
0
0
0
0
0
0
0
0
0
0
0
0
0
0
0
0
0
0
0
0
0
0
0
0
0
0
0
0
0
0
0
0
0
0
0
0
0
0
0
0
0
0
0
0
0
0
0
0
0
0
0
0
0
0
0
0
0
0
0
0
0
0
0
0
0
0
0
0
0
0
0
0
0
0
0
0
0
0
0
0
0
0
0
0
0
0
0
0
0
0
0
1155177711057110024
8590065664
1155177711057110016
8590065664
4406636577800
8590065664
4406636577792
8590065664
2256206450263048
8590065664
2256206450263040
8590065664
4406636577800
8590065664
4406636577792
8590065664
8590066696
1155177711057108992
8590066688
1155177711057108992
8590066696
4406636576768
8590066688
4406636576768
8590066696
2256206450262016
8590066688
2256206450262016
8590066696
4406636576768
8590066688
4406636576768
0
0
0
0
0
0
0
0
0
0
0
0
0
0
0
0
0
0
0
0
0
0
0
0
0
0
0
0
0
0
0
0
0
0
0
0
0
0
0
0
0
0
0
0
0
0
0
0
0
0
0
0
0
0
0
0
0
0
0
0
0
0
0
0
0
0
0
0
0
0
0
0
0
0
0
0
0
0
0
0
0
0
0
0
0
0
0
0
0
0
0
0
0
0
0
0
0
0
0
0
0
0
0
0
0
0
0
0
0
0
0
0
0
0
0
0
0
0
0
0
0
0
0
0
0
0
0
0
0
0
0
0
0
0
0
0
0
0
0
0
0
0
0
0
0
0
0
0
0
0
0
0
0
0
0
0
0
0
0
0
0
0
0
0
0
0
0
0
0
0
0
0
0
0
0
0
0
0
0
0
0
0
0
0
0
0
0
0
0
0
0
0
0
0
0
0
0
0
0
0
0
0
0
0
0
0
0
0
0
0
0
0
0
0
0
0
0
0
0
0
0
0
0
0
0
0
0
0
0
0
0
0
0
0
0
0
0
0
0
0
0
0
0
0
0
0
0
0
0
0
0
0
0
0
0
0
0
0
0
0
0
0
0
0
0
0
0
0
0
0
0
0
0
0
0
0
0
0
0
0
0
0
0
0
0
0
0
0
0
0
0
0
0
0
0
0
0
0
0
0
0
0
0
0
0
0
0
0
0
0
0
0
0
0
0
0
0
0
0
0
0
0
0
0
0
0
0
0
0
0
0
0
0
0
0
0
0
0
0
0
0
0
0
0
0
0
0
0
0
0
0
0
0
0
0
0
0
0
0
0
0
0
0
0
0
0
0
0
0
0
0
0
0
0
0
0
0
0
0
0
0
0
0
0
0
0
0
0
0
0
0
0
0
0
0
0
0
0
0
0
0
0
0
0
0
0
0
0
0
0
0
0
0
0
0
0
0
0
0
0
0
0
0
0
0
0
0
0
0
0
0
0
0
0
0
0
0
0
0
0
0
0
0
0
0
0
0
0
0
0
0
0
0
0
0
0
0
0
0
0
0
0
0
0
0
0
0
0
0
0
0
0
0
0
0
0
0
0
0
0
2310355426409252880
8817568188432
21475166208
21475166208
4512417195556864
8817568186368
21475164160
21475164160
21475166224
21475166224
2310355426409252864
8817568188416
21475164160
21475164160
4512417195556864
8817568186368
4512417195558928
8817568188432
21475166208
21475166208
2310355426409250816
8817568186368
21475164160
21475164160
21475166224
21475166224
4512417195558912
8817568188416
21475164160
21475164160
2310355426409250816
8817568186368
0
0
0
0
0
0
0
0
0
0
0
0
0
0
0
0
0
0
0
0
0
0
0
0
0
0
0
0
0
0
0
0
0
0
0
0
0
0
0
0
0
0
0
0
0
0
0
0
0
0
0
0
0
0
0
0
0
0
0
0
0
0
0
0
0
0
0
0
0
0
0
0
0
0
0
0
0
0
0
0
0
0
0
0
0
0
0
0
0
0
0
0
0
0
0
0
0
0
0
0
0
0
0
0
0
0
0
0
0
0
0
0
0
0
0
0
0
0
0
0
0
0
0
0
0
0
0
0
0
0
0
0
0
0
0
0
0
0
0
0
0
0
0
0
0
0
0
0
0
0
0
0
0
0
0
0
0
0
0
0
0
0
0
0
0
0
0
0
0
0
0
0
0
0
0
0
0
0
0
0
0
0
0
0
0
0
0
0
0
0
0
0
0
0
0
0
0
0
0
0
0
0
0
0
0
0
0
0
0
0
0
0
0
0
0
0
0
0
0
0
0
0
0
0
0
0
0
0
0
0
0
0
0
0
0
0
0
0
0
0
0
0
0
0
0
0
0
0
0
0
0
0
0
0
0
0
0
0
0
0
0
0
0
0
0
0
0
0
0
0
0
0
0
0
0
0
0
0
0
0
0
0
0
0
0
0
0
0
0
0
0
0
0
0
0
0
0
0
0
0
0
0
0
0
0
0
0
0
0
0
0
0
0
0
0
0
0
0
0
0
0
0
0
0
0
0
0
0
0
0
0
0
0
0
0
0
0
0
0
0
0
0
0
0
0
0
0
0
0
0
0
0
0
0
0
0
0
0
0
0
0
0
0
0
0
0
0
0
0
0
0
0
0
0
0
0
0
0
0
0
0
0
0
0
0
0
0
0
0
0
0
0
0
0
0
0
0
0
0
0
0
0
0
0
0
0
0
0
0
0
0
0
0
0
0
0
0
0
0
0
0
0
0
0
0
0
0
0
0
0
0
0
0
0
0
0
0
0
0
0
0
0
0
0
0
0
0
0
0
0
0
0
0
0
0
0
0
0
0
0
0
0
0
0
0
0
0
0
0
0
0
0
0
0
0
0
0
0
0
0
4620711952330133792
17635136377120
4620711952330133536
17635136376864
42950332672
1142461960448
42950332416
1142461960192
4620711952330129664
17635136372992
4620711952330129408
17635136372736
42950328576
1142461956352
42950328320
1142461956096
42950332704
1142461960480
42950332448
1142461960224
4620711952330133760
17635136377088
4620711952330133504
17635136376832
42950328576
1142461956352
42950328320
1142461956096
4620711952330129664
17635136372992
4620711952330129408
17635136372736
9025933902745888
42950332704
9025933902745632
42950332448
42950332672
1142461960448
42950332416
1142461960192
9025933902741760
42950328576
9025933902741504
42950328320
42950328576
1142461956352
42950328320
1142461956096
4620710852818506016
18734648004896
4620710852818505760
18734648004640
9025933902745856
42950332672
9025933902745600
42950332416
4620710852818501888
18734648000768
4620710852818501632
18734648000512
9025933902741760
42950328576
9025933902741504
42950328320
1142461960480
42950332704
1142461960224
42950332448
4620710852818505984
18734648004864
4620710852818505728
18734648004608
1142461956352
42950328576
1142461956096
42950328320
4620710852818501888
18734648000768
4620710852818501632
18734648000512
9024834391118112
18734648004896
9024834391117856
18734648004640
1142461960448
42950332672
1142461960192
42950332416
9024834391113984
18734648000768
9024834391113728
18734648000512
1142461956352
42950328576
1142461956096
42950328320
1142461960480
17635136377120
1142461960224
17635136376864
9024834391118080
18734648004864
9024834391117824
18734648004608
1142461956352
17635136372992
1142461956096
17635136372736
9024834391113984
18734648000768
9024834391113728
18734648000512
42950332704
1142461960480
42950332448
1142461960224
1142461960448
17635136377088
1142461960192
17635136376832
42950328576
1142461956352
42950328320
1142461956096
1142461956352
17635136372992
1142461956096
17635136372736
0
0
0
0
0
0
0
0
0
0
0
0
0
0
0
0
0
0
0
0
0
0
0
0
0
0
0
0
0
0
0
0
0
0
0
0
0
0
0
0
0
0
0
0
0
0
0
0
0
0
0
0
0
0
0
0
0
0
0
0
0
0
0
0
0
0
0
0
0
0
0
0
0
0
0
0
0
0
0
0
0
0
0
0
0
0
0
0
0
0
0
0
0
0
0
0
0
0
0
0
0
0
0
0
0
0
0
0
0
0
0
0
0
0
0
0
0
0
0
0
0
0
0
0
0
0
0
0
0
0
0
0
0
0
0
0
0
0
0
0
0
0
0
0
0
0
0
0
0
0
0
0
0
0
0
0
0
0
0
0
0
0
0
0
0
0
0
0
0
0
0
0
0
0
0
0
0
0
0
0
0
0
0
0
0
0
0
0
0
0
0
0
0
0
0
0
0
0
0
0
0
0
0
0
0
0
0
0
0
0
0
0
0
0
0
0
0
0
0
0
0
0
0
0
0
0
0
0
0
0
0
0
0
0
0
0
0
0
0
0
0
0
0
0
0
0
0
0
0
0
0
0
0
0
0
0
0
0
0
0
0
0
0
0
0
0
0
0
0
0
0
0
0
0
0
0
0
0
0
0
0
0
0
0
0
0
0
0
0
0
0
0
0
0
0
0
0
0
0
0
0
0
0
0
0
0
0
0
0
0
0
0
0
0
0
0
0
0
0
0
0
0
0
0
0
0
0
0
0
0
0
0
0
0
0
0
0
0
0
0
0
0
0
0
0
0
0
0
0
0
0
0
0
0
0
0
0
0
0
0
0
0
0
0
0
0
0
0
0
0
0
0
0
0
0
0
0
0
0
0
0
0
0
0
9241705379636978241
18333342782202369
85900656640
85900656640
18051867805491777
9241423904660267521
9241421705637012033
18049668782236161
283759900622848
283759900622848
18049668782236225
9241421705637011969
2284923912192
2284923912192
85900656640
85900656640
9241705379636978240
18333342782202368
85900656640
85900656640
18051867805491776
9241423904660267520
9241421705637012032
18049668782236160
283759900631617
283759900631553
18049668782236224
9241421705637011968
2284923920961
2284923920897
85900665409
85900665345
9241705379636977728
18333342782201856
85900665409
85900665345
18051867805491264
9241423904660267008
9241421705637011520
18049668782235648
283759900631616
283759900631552
18049668782235712
9241421705637011456
2284923920960
2284923920896
85900665408
85900665344
9241705379636977728
18333342782201856
85900665408
85900665344
18051867805491264
9241423904660267008
9241421705637011520
18049668782235648
283759900631104
283759900631040
18049668782235712
9241421705637011456
2284923920448
2284923920384
85900664896
85900664832
318944272720449
318944272720385
85900664896
85900664832
37469296009793
37469296009729
35270272754241
35270272754177
283759900631104
283759900631040
35270272754241
35270272754177
2284923920448
2284923920384
85900664896
85900664832
318944272720448
318944272720384
85900664896
85900664832
37469296009792
37469296009728
35270272754240
35270272754176
283759900631617
283759900631553
35270272754240
35270272754176
2284923920961
2284923920897
85900665409
85900665345
318944272719936
318944272719872
85900665409
85900665345
37469296009280
37469296009216
35270272753728
35270272753664
283759900631616
283759900631552
35270272753728
35270272753664
2284923920960
2284923920896
85900665408
85900665344
318944272719936
318944272719872
85900665408
85900665344
37469296009280
37469296009216
35270272753728
35270272753664
283759900631104
283759900631040
35270272753728
35270272753664
2284923920448
2284923920384
85900664896
85900664832
9241705379636969985
18333342782194177
85900664896
85900664832
18051867805483521
9241423904660259329
9241421705637003777
18049668782227969
283759900631104
283759900631040
18049668782227969
9241421705637003777
2284923920448
2284923920384
85900664896
85900664832
9241705379636969984
18333342782194176
85900664896
85900664832
18051867805483520
9241423904660259328
9241421705637003776
18049668782227968
283759900623361
283759900623361
18049668782227968
9241421705637003776
2284923912705
2284923912705
85900657153
85900657153
9241705379636969472
18333342782193664
85900657153
85900657153
18051867805483008
9241423904660258816
9241421705637003264
18049668782227456
283759900623360
283759900623360
18049668782227456
9241421705637003264
2284923912704
2284923912704
85900657152
85900657152
9241705379636969472
18333342782193664
85900657152
85900657152
18051867805483008
9241423904660258816
9241421705637003264
18049668782227456
283759900622848
283759900622848
18049668782227456
9241421705637003264
2284923912192
2284923912192
85900656640
85900656640
318944272712193
318944272712193
85900656640
85900656640
37469296001537
37469296001537
35270272745985
35270272745985
283759900622848
283759900622848
35270272745985
35270272745985
2284923912192
2284923912192
85900656640
85900656640
318944272712192
318944272712192
85900656640
85900656640
37469296001536
37469296001536
35270272745984
35270272745984
283759900623361
283759900623361
35270272745984
35270272745984
2284923912705
2284923912705
85900657153
85900657153
318944272711680
318944272711680
85900657153
85900657153
37469296001024
37469296001024
35270272745472
35270272745472
283759900623360
283759900623360
35270272745472
35270272745472
2284923912704
2284923912704
85900657152
85900657152
318944272711680
318944272711680
85900657152
85900657152
37469296001024
37469296001024
35270272745472
35270272745472
283759900622848
283759900622848
35270272745472
35270272745472
2284923912192
2284923912192
85900656640
85900656640
18333342782202433
9241705379636978177
85900656640
85900656640
9241423904660267585
18051867805491713
18049668782236225
9241421705637011969
283759900622848
283759900622848
9241421705637012033
18049668782236161
2284923912192
2284923912192
85900656640
85900656640
18333342782202432
9241705379636978176
85900656640
85900656640
9241423904660267584
18051867805491712
18049668782236224
9241421705637011968
283759900631617
283759900631553
9241421705637012032
18049668782236160
2284923920961
2284923920897
85900665409
85900665345
18333342782201920
9241705379636977664
85900665409
85900665345
9241423904660267072
18051867805491200
18049668782235712
9241421705637011456
283759900631616
283759900631552
9241421705637011520
18049668782235648
2284923920960
2284923920896
85900665408
85900665344
18333342782201920
9241705379636977664
85900665408
85900665344
9241423904660267072
18051867805491200
18049668782235712
9241421705637011456
283759900631104
283759900631040
9241421705637011520
18049668782235648
2284923920448
2284923920384
85900664896
85900664832
318944272720449
318944272720385
85900664896
85900664832
37469296009793
37469296009729
35270272754241
35270272754177
283759900631104
283759900631040
35270272754241
35270272754177
2284923920448
2284923920384
85900664896
85900664832
318944272720448
318944272720384
85900664896
85900664832
37469296009792
37469296009728
35270272754240
35270272754176
283759900631617
283759900631553
35270272754240
35270272754176
2284923920961
2284923920897
85900665409
85900665345
318944272719936
318944272719872
85900665409
85900665345
37469296009280
37469296009216
35270272753728
35270272753664
283759900631616
283759900631552
35270272753728
35270272753664
2284923920960
2284923920896
85900665408
85900665344
318944272719936
318944272719872
85900665408
85900665344
37469296009280
37469296009216
35270272753728
35270272753664
283759900631104
283759900631040
35270272753728
35270272753664
2284923920448
2284923920384
85900664896
85900664832
18333342782194177
9241705379636969985
85900664896
85900664832
9241423904660259329
18051867805483521
18049668782227969
9241421705637003777
283759900631104
283759900631040
9241421705637003777
18049668782227969
2284923920448
2284923920384
85900664896
85900664832
18333342782194176
9241705379636969984
85900664896
85900664832
9241423904660259328
18051867805483520
18049668782227968
9241421705637003776
283759900623361
283759900623361
9241421705637003776
18049668782227968
2284923912705
2284923912705
85900657153
85900657153
18333342782193664
9241705379636969472
85900657153
85900657153
9241423904660258816
18051867805483008
18049668782227456
9241421705637003264
283759900623360
283759900623360
9241421705637003264
18049668782227456
2284923912704
2284923912704
85900657152
85900657152
18333342782193664
9241705379636969472
85900657152
85900657152
9241423904660258816
18051867805483008
18049668782227456
9241421705637003264
283759900622848
283759900622848
9241421705637003264
18049668782227456
2284923912192
2284923912192
85900656640
85900656640
318944272712193
318944272712193
85900656640
85900656640
37469296001537
37469296001537
35270272745985
35270272745985
283759900622848
283759900622848
35270272745985
35270272745985
2284923912192
2284923912192
85900656640
85900656640
318944272712192
318944272712192
85900656640
85900656640
37469296001536
37469296001536
35270272745984
35270272745984
283759900623361
283759900623361
35270272745984
35270272745984
2284923912705
2284923912705
85900657153
85900657153
318944272711680
318944272711680
85900657153
85900657153
37469296001024
37469296001024
35270272745472
35270272745472
283759900623360
283759900623360
35270272745472
35270272745472
2284923912704
2284923912704
85900657152
85900657152
318944272711680
318944272711680
85900657152
85900657152
37469296001024
37469296001024
35270272745472
35270272745472
283759900622848
283759900622848
35270272745472
35270272745472
2284923912192
2284923912192
85900656640
85900656640
108724279602332802
108724279602331776
36103735610983554
36103735610982528
108724279602316290
108724279602315264
36103735610967042
36103735610966016
567519801263104
567519801262080
4569847841792
4569847840768
567519801246720
567519801245696
4569847825408
4569847824384
36099337564472450
36099337564471424
36099337564472450
36099337564471424
36099337564455938
36099337564454912
36099337564455938
36099337564454912
171801330688
171801329664
171801330688
171801329664
171801314304
171801313280
171801314304
171801313280
72695482583368834
72695482583367808
74938592019586
74938592018560
72695482583352322
72695482583351296
74938592003074
74938592002048
567519801263104
567519801262080
4569847841792
4569847840768
567519801246720
567519801245696
4569847825408
4569847824384
70540545508482
70540545507456
70540545508482
70540545507456
70540545491970
70540545490944
70540545491970
70540545490944
171801330688
171801329664
171801330688
171801329664
171801314304
171801313280
171801314304
171801313280
72625113839191170
72625113839190144
4569847841922
4569847840896
72625113839174658
72625113839173632
4569847825410
4569847824384
108724279602332800
108724279602331776
36103735610983552
36103735610982528
108724279602316288
108724279602315264
36103735610967040
36103735610966016
171801330818
171801329792
171801330818
171801329792
171801314306
171801313280
171801314306
171801313280
36099337564472448
36099337564471424
36099337564472448
36099337564471424
36099337564455936
36099337564454912
36099337564455936
36099337564454912
72625113839191170
72625113839190144
4569847841922
4569847840896
72625113839174658
72625113839173632
4569847825410
4569847824384
72695482583368832
72695482583367808
74938592019584
74938592018560
72695482583352320
72695482583351296
74938592003072
74938592002048
171801330818
171801329792
171801330818
171801329792
171801314306
171801313280
171801314306
171801313280
70540545508480
70540545507456
70540545508480
70540545507456
70540545491968
70540545490944
70540545491968
70540545490944
108724279602332674
108724279602331648
36103735610983426
36103735610982400
108724279602316290
108724279602315264
36103735610967042
36103735610966016
72625113839191168
72625113839190144
4569847841920
4569847840896
72625113839174656
72625113839173632
4569847825408
4569847824384
36099337564472322
36099337564471296
36099337564472322
36099337564471296
36099337564455938
36099337564454912
36099337564455938
36099337564454912
171801330816
171801329792
171801330816
171801329792
171801314304
171801313280
171801314304
171801313280
72695482583368706
72695482583367680
74938592019458
74938592018432
72695482583352322
72695482583351296
74938592003074
74938592002048
72625113839191168
72625113839190144
4569847841920
4569847840896
72625113839174656
72625113839173632
4569847825408
4569847824384
70540545508354
70540545507328
70540545508354
70540545507328
70540545491970
70540545490944
70540545491970
70540545490944
171801330816
171801329792
171801330816
171801329792
171801314304
171801313280
171801314304
171801313280
72625113839191042
72625113839190016
4569847841794
4569847840768
72625113839174658
72625113839173632
4569847825410
4569847824384
108724279602332672
108724279602331648
36103735610983424
36103735610982400
108724279602316288
108724279602315264
36103735610967040
36103735610966016
171801330690
171801329664
171801330690
171801329664
171801314306
171801313280
171801314306
171801313280
36099337564472320
36099337564471296
36099337564472320
36099337564471296
36099337564455936
36099337564454912
36099337564455936
36099337564454912
72625113839191042
72625113839190016
4569847841794
4569847840768
72625113839174658
72625113839173632
4569847825410
4569847824384
72695482583368704
72695482583367680
74938592019456
74938592018432
72695482583352320
72695482583351296
74938592003072
74938592002048
171801330690
171801329664
171801330690
171801329664
171801314306
171801313280
171801314306
171801313280
70540545508352
70540545507328
70540545508352
70540545507328
70540545491968
70540545490944
70540545491968
70540545490944
36666685564404866
36666685564403840
36103735610983554
36103735610982528
36666685564388354
36666685564387328
36103735610967042
36103735610966016
72625113839191040
72625113839190016
4569847841792
4569847840768
72625113839174656
72625113839173632
4569847825408
4569847824384
36099337564472450
36099337564471424
36099337564472450
36099337564471424
36099337564455938
36099337564454912
36099337564455938
36099337564454912
171801330688
171801329664
171801330688
171801329664
171801314304
171801313280
171801314304
171801313280
637888545440898
637888545439872
74938592019586
74938592018560
637888545424386
637888545423360
74938592003074
74938592002048
72625113839191040
72625113839190016
4569847841792
4569847840768
72625113839174656
72625113839173632
4569847825408
4569847824384
70540545508482
70540545507456
70540545508482
70540545507456
70540545491970
70540545490944
70540545491970
70540545490944
171801330688
171801329664
171801330688
171801329664
171801314304
171801313280
171801314304
171801313280
567519801263234
567519801262208
4569847841922
4569847840896
567519801246722
567519801245696
4569847825410
4569847824384
36666685564404864
36666685564403840
36103735610983552
36103735610982528
36666685564388352
36666685564387328
36103735610967040
36103735610966016
171801330818
171801329792
171801330818
171801329792
171801314306
171801313280
171801314306
171801313280
36099337564472448
36099337564471424
36099337564472448
36099337564471424
36099337564455936
36099337564454912
36099337564455936
36099337564454912
567519801263234
567519801262208
4569847841922
4569847840896
567519801246722
567519801245696
4569847825410
4569847824384
637888545440896
637888545439872
74938592019584
74938592018560
637888545424384
637888545423360
74938592003072
74938592002048
171801330818
171801329792
171801330818
171801329792
171801314306
171801313280
171801314306
171801313280
70540545508480
70540545507456
70540545508480
70540545507456
70540545491968
70540545490944
70540545491968
70540545490944
36666685564404738
36666685564403712
36103735610983426
36103735610982400
36666685564388354
36666685564387328
36103735610967042
36103735610966016
567519801263232
567519801262208
4569847841920
4569847840896
567519801246720
567519801245696
4569847825408
4569847824384
36099337564472322
36099337564471296
36099337564472322
36099337564471296
36099337564455938
36099337564454912
36099337564455938
36099337564454912
171801330816
171801329792
171801330816
171801329792
171801314304
171801313280
171801314304
171801313280
637888545440770
637888545439744
74938592019458
74938592018432
637888545424386
637888545423360
74938592003074
74938592002048
567519801263232
567519801262208
4569847841920
4569847840896
567519801246720
567519801245696
4569847825408
4569847824384
70540545508354
70540545507328
70540545508354
70540545507328
70540545491970
70540545490944
70540545491970
70540545490944
171801330816
171801329792
171801330816
171801329792
171801314304
171801313280
171801314304
171801313280
567519801263106
567519801262080
4569847841794
4569847840768
567519801246722
567519801245696
4569847825410
4569847824384
36666685564404736
36666685564403712
36103735610983424
36103735610982400
36666685564388352
36666685564387328
36103735610967040
36103735610966016
171801330690
171801329664
171801330690
171801329664
171801314306
171801313280
171801314306
171801313280
36099337564472320
36099337564471296
36099337564472320
36099337564471296
36099337564455936
36099337564454912
36099337564455936
36099337564454912
567519801263106
567519801262080
4569847841794
4569847840768
567519801246722
567519801245696
4569847825410
4569847824384
637888545440768
637888545439744
74938592019456
74938592018432
637888545424384
637888545423360
74938592003072
74938592002048
171801330690
171801329664
171801330690
171801329664
171801314306
171801313280
171801314306
171801313280
70540545508352
70540545507328
70540545508352
70540545507328
70540545491968
70540545490944
70540545491968
70540545490944
145390965166737412
1275777090881540
9139695683584
9139695683584
141081091014656
141081091014656
343602659328
343602659328
141081091016708
141081091016708
343602661376
343602661376
145390965166702592
1275777090846720
9139695648768
9139695648768
145390965166704640
1275777090848768
145250227678349316
1135039602493444
141081090981888
141081090981888
343602626560
343602626560
141081090983936
141081090983936
343602628612
343602628612
145390965166735360
1275777090879488
9139695681536
9139695681536
145390965166737408
1275777090881536
145250227678382084
1135039602526212
141081091014656
141081091014656
343602659328
343602659328
141081091016704
141081091016704
343602661380
343602661380
145390965166702592
1275777090846720
145250227678347264
1135039602491392
149877184006148
149877184006148
145250227678349312
1135039602493440
141081090981888
141081090981888
343602626560
343602626560
141081090983940
141081090983940
343602628608
343602628608
145390965166735360
1275777090879488
145250227678380032
1135039602524160
149877184038916
149877184038916
145250227678382080
1135039602526208
141081091014656
141081091014656
343602659328
343602659328
141081091016708
141081091016708
343602661376
343602661376
149877184004096
149877184004096
145250227678347264
1135039602491392
149877184006144
149877184006144
9139695650820
9139695650820
141081090981888
141081090981888
343602626560
343602626560
141081090983936
141081090983936
343602628612
343602628612
149877184036864
149877184036864
145250227678380032
1135039602524160
149877184038912
149877184038912
9139695683588
9139695683588
141081091014656
141081091014656
343602659328
343602659328
141081091016704
141081091016704
343602661380
343602661380
149877184004096
149877184004096
9139695648768
9139695648768
145390965166704644
1275777090848772
9139695650816
9139695650816
141081090981888
141081090981888
343602626560
343602626560
141081090983940
141081090983940
343602628608
343602628608
149877184036864
149877184036864
9139695681536
9139695681536
0
0
0
0
0
0
0
0
0
0
0
0
0
0
0
0
0
0
0
0
0
0
0
0
0
0
0
0
0
0
0
0
0
0
0
0
0
0
0
0
0
0
0
0
0
0
0
0
0
0
0
0
0
0
0
0
0
0
0
0
0
0
0
0
0
0
0
0
0
0
0
0
0
0
0
0
0
0
0
0
0
0
0
0
0
0
0
0
0
0
0
0
0
0
0
0
0
0
0
0
0
0
0
0
0
0
0
0
0
0
0
0
0
0
0
0
0
0
0
0
0
0
0
0
0
0
0
0
0
0
0
0
0
0
0
0
0
0
0
0
0
0
0
0
0
0
0
0
0
0
0
0
0
0
0
0
0
0
0
0
0
0
0
0
0
0
0
0
0
0
0
0
0
0
0
0
0
0
0
0
0
0
0
0
0
0
0
0
0
0
0
0
0
0
0
0
0
0
0
0
0
0
0
0
0
0
0
0
0
0
0
0
0
0
0
0
0
0
0
0
0
0
0
0
0
0
0
0
0
0
0
0
0
0
0
0
0
0
0
0
0
0
0
0
0
0
0
0
0
0
0
0
0
0
0
0
0
0
0
0
0
0
0
0
0
0
0
0
0
0
0
0
0
0
0
0
0
0
0
0
0
0
0
0
0
0
0
0
0
0
0
0
0
0
0
0
0
0
0
0
0
0
0
0
0
0
0
0
0
0
0
0
0
0
0
0
0
0
0
0
0
0
0
0
0
0
0
0
0
0
0
0
0
0
0
0
0
0
0
0
0
0
0
0
0
0
0
0
0
0
0
0
0
0
0
0
0
0
0
0
0
0
0
0
0
0
0
0
0
0
0
0
0
0
0
0
0
0
0
0
0
0
0
0
290500455356698632
687205253120
687205257216
18279391297536
18279391301640
687205253120
2270079204986888
687205253120
290500455356698624
687205253120
18279391301640
687205253120
18279391301632
687205253120
2270079204986880
687205253120
687205257224
290500455356694528
18279391301632
687205253120
687205257224
18279391297536
687205257224
2270079204982784
687205257216
290500455356694528
687205257224
18279391297536
687205257216
18279391297536
687205257216
2270079204982784
0
0
0
0
0
0
0
0
0
0
0
0
0
0
0
0
0
0
0
0
0
0
0
0
0
0
0
0
0
0
0
0
0
0
0
0
0
0
0
0
0
0
0
0
0
0
0
0
0
0
0
0
0
0
0
0
0
0
0
0
0
0
0
0
0
0
0
0
0
0
0
0
0
0
0
0
0
0
0
0
0
0
0
0
0
0
0
0
0
0
0
0
0
0
0
0
0
0
0
0
0
0
0
0
0
0
0
0
0
0
0
0
0
0
0
0
0
0
0
0
0
0
0
0
0
0
0
0
0
0
0
0
0
0
0
0
0
0
0
0
0
0
0
0
0
0
0
0
0
0
0
0
0
0
0
0
0
0
0
0
0
0
0
0
0
0
0
0
0
0
0
0
0
0
0
0
0
0
0
0
0
0
0
0
0
0
0
0
0
0
0
0
0
0
0
0
0
0
0
0
0
0
0
0
0
0
0
0
0
0
0
0
0
0
0
0
0
0
0
0
0
0
0
0
0
0
0
0
0
0
0
0
0
0
0
0
0
0
0
0
0
0
0
0
0
0
0
0
0
0
0
0
0
0
0
0
0
0
0
0
0
0
0
0
0
0
0
0
0
0
0
0
0
0
0
0
0
0
0
0
0
0
0
0
0
0
0
0
0
0
0
0
0
0
0
0
0
0
0
0
0
0
0
0
0
0
0
0
0
0
0
0
0
0
0
0
0
0
0
0
0
0
0
0
0
0
0
0
0
0
0
0
0
0
0
0
0
0
0
0
0
0
0
0
0
0
0
0
0
0
0
0
0
0
0
0
0
0
0
0
0
0
0
0
0
0
0
0
0
0
0
0
0
0
0
0
0
0
0
0
0
0
0
0
0
0
0
0
0
0
0
0
0
0
0
0
0
0
0
0
0
0
0
0
0
0
0
0
0
0
0
0
0
0
0
0
0
0
0
0
0
0
0
0
0
0
0
0
0
0
0
0
0
0
0
0
0
0
0
0
0
0
0
0
0
0
0
0
0
0
0
0
0
0
0
0
0
0
0
0
0
0
0
0
0
0
0
0
0
0
0
0
0
0
0
0
0
0
0
0
580999811184992272
35459254198272
274882109440
35459254198288
274882101248
274882109440
4539058881560576
274882101248
580999811184984064
35459254190080
274882101248
35459254190080
4539058881568784
274882101248
274882109440
35459254198288
274882109456
274882109440
580999811184992256
274882109456
4539058881560576
35459254198272
274882101248
35459254190080
274882101248
274882101248
580999811184984064
274882101248
274882109456
35459254190080
4539058881568768
274882109456
0
0
0
0
0
0
0
0
0
0
0
0
0
0
0
0
0
0
0
0
0
0
0
0
0
0
0
0
0
0
0
0
0
0
0
0
0
0
0
0
0
0
0
0
0
0
0
0
0
0
0
0
0
0
0
0
0
0
0
0
0
0
0
0
0
0
0
0
0
0
0
0
0
0
0
0
0
0
0
0
0
0
0
0
0
0
0
0
0
0
0
0
0
0
0
0
0
0
0
0
0
0
0
0
0
0
0
0
0
0
0
0
0
0
0
0
0
0
0
0
0
0
0
0
0
0
0
0
0
0
0
0
0
0
0
0
0
0
0
0
0
0
0
0
0
0
0
0
0
0
0
0
0
0
0
0
0
0
0
0
0
0
0
0
0
0
0
0
0
0
0
0
0
0
0
0
0
0
0
0
0
0
0
0
0
0
0
0
0
0
0
0
0
0
0
0
0
0
0
0
0
0
0
0
0
0
0
0
0
0
0
0
0
0
0
0
0
0
0
0
0
0
0
0
0
0
0
0
0
0
0
0
0
0
0
0
0
0
0
0
0
0
0
0
0
0
0
0
0
0
0
0
0
0
0
0
0
0
0
0
0
0
0
0
0
0
0
0
0
0
0
0
0
0
0
0
0
0
0
0
0
0
0
0
0
0
0
0
0
0
0
0
0
0
0
0
0
0
0
0
0
0
0
0
0
0
0
0
0
0
0
0
0
0
0
0
0
0
0
0
0
0
0
0
0
0
0
0
0
0
0
0
0
0
0
0
0
0
0
0
0
0
0
0
0
0
0
0
0
0
0
0
0
0
0
0
0
0
0
0
0
0
0
0
0
0
0
0
0
0
0
0
0
0
0
0
0
0
0
0
0
0
0
0
0
0
0
0
0
0
0
0
0
0
0
0
0
0
0
0
0
0
0
0
0
0
0
0
0
0
0
0
0
0
0
0
0
0
0
0
0
0
0
0
0
0
0
0
0
0
0
0
0
0
0
0
0
0
0
0
0
0
0
0
0
0
0
0
0
0
0
0
0
0
0
0
0
0
0
0
0
0
0
0
0
0
0
0
0
0
0
0
0
0
0
0
0
0
0
0
577588851267340304
577588851267076096
577588851267338240
577588851267076096
1128098963916816
1128098963652608
1128098963914752
1128098963652608
2199057074192
2199056809984
2199057072128
2199056809984
2199057074192
2199056809984
2199057072128
2199056809984
577588851267340288
577588851267076096
577588851267338240
577588851267076096
1128098963916800
1128098963652608
1128098963914752
1128098963652608
2199057074176
2199056809984
2199057072128
2199056809984
2199057074176
2199056809984
2199057072128
2199056809984
0
0
0
0
0
0
0
0
0
0
0
0
0
0
0
0
0
0
0
0
0
0
0
0
0
0
0
0
0
0
0
0
0
0
0
0
0
0
0
0
0
0
0
0
0
0
0
0
0
0
0
0
0
0
0
0
0
0
0
0
0
0
0
0
0
0
0
0
0
0
0
0
0
0
0
0
0
0
0
0
0
0
0
0
0
0
0
0
0
0
0
0
0
0
0
0
0
0
0
0
0
0
0
0
0
0
0
0
0
0
0
0
0
0
0
0
0
0
0
0
0
0
0
0
0
0
0
0
0
0
0
0
0
0
0
0
0
0
0
0
0
0
0
0
0
0
0
0
0
0
0
0
0
0
0
0
0
0
0
0
0
0
0
0
0
0
0
0
0
0
0
0
0
0
0
0
0
0
0
0
0
0
0
0
0
0
0
0
0
0
0
0
0
0
0
0
0
0
0
0
0
0
0
0
0
0
0
0
0
0
0
0
0
0
0
0
0
0
0
0
0
0
0
0
0
0
0
0
0
0
0
0
0
0
0
0
0
0
0
0
0
0
0
0
0
0
0
0
0
0
0
0
0
0
0
0
0
0
0
0
0
0
0
0
0
0
0
0
0
0
0
0
0
0
0
0
0
0
0
0
0
0
0
0
0
0
0
0
0
0
0
0
0
0
0
0
0
0
0
0
0
0
0
0
0
0
0
0
0
0
0
0
0
0
0
0
0
0
0
0
0
0
0
0
0
0
0
0
0
0
0
0
0
0
0
0
0
0
0
0
0
0
0
0
0
0
0
0
0
0
0
0
0
0
0
0
0
0
0
0
0
0
0
0
0
0
0
0
0
0
0
0
0
0
0
0
0
0
0
0
0
0
0
0
0
0
0
0
0
0
0
0
0
0
0
0
0
0
0
0
0
0
0
0
0
0
0
0
0
0
0
0
0
0
0
0
0
0
0
0
0
0
0
0
0
0
0
0
0
0
0
0
0
0
0
0
0
0
0
0
0
0
0
0
0
0
0
0
0
0
0
0
0
0
0
0
0
0
0
0
0
0
0
0
0
0
0
0
0
0
0
0
0
0
0
0
0
0
0
0
1155178802063085600
1155178802062557184
5497642553376
5497642024960
2257297456238624
2257297455710208
5497642553376
5497642024960
1155178802063085568
1155178802062557184
5497642553344
5497642024960
2257297456238592
2257297455710208
5497642553344
5497642024960
1155178802063081472
1155178802062557184
5497642549248
5497642024960
2257297456234496
2257297455710208
5497642549248
5497642024960
1155178802063081472
1155178802062557184
5497642549248
5497642024960
2257297456234496
2257297455710208
5497642549248
5497642024960
0
0
0
0
0
0
0
0
0
0
0
0
0
0
0
0
0
0
0
0
0
0
0
0
0
0
0
0
0
0
0
0
0
0
0
0
0
0
0
0
0
0
0
0
0
0
0
0
0
0
0
0
0
0
0
0
0
0
0
0
0
0
0
0
0
0
0
0
0
0
0
0
0
0
0
0
0
0
0
0
0
0
0
0
0
0
0
0
0
0
0
0
0
0
0
0
0
0
0
0
0
0
0
0
0
0
0
0
0
0
0
0
0
0
0
0
0
0
0
0
0
0
0
0
0
0
0
0
0
0
0
0
0
0
0
0
0
0
0
0
0
0
0
0
0
0
0
0
0
0
0
0
0
0
0
0
0
0
0
0
0
0
0
0
0
0
0
0
0
0
0
0
0
0
0
0
0
0
0
0
0
0
0
0
0
0
0
0
0
0
0
0
0
0
0
0
0
0
0
0
0
0
0
0
0
0
0
0
0
0
0
0
0
0
0
0
0
0
0
0
0
0
0
0
0
0
0
0
0
0
0
0
0
0
0
0
0
0
0
0
0
0
0
0
0
0
0
0
0
0
0
0
0
0
0
0
0
0
0
0
0
0
0
0
0
0
0
0
0
0
0
0
0
0
0
0
0
0
0
0
0
0
0
0
0
0
0
0
0
0
0
0
0
0
0
0
0
0
0
0
0
0
0
0
0
0
0
0
0
0
0
0
0
0
0
0
0
0
0
0
0
0
0
0
0
0
0
0
0
0
0
0
0
0
0
0
0
0
0
0
0
0
0
0
0
0
0
0
0
0
0
0
0
0
0
0
0
0
0
0
0
0
0
0
0
0
0
0
0
0
0
0
0
0
0
0
0
0
0
0
0
0
0
0
0
0
0
0
0
0
0
0
0
0
0
0
0
0
0
0
0
0
0
0
0
0
0
0
0
0
0
0
0
0
0
0
0
0
0
0
0
0
0
0
0
0
0
0
0
0
0
0
0
0
0
0
0
0
0
0
0
0
0
0
0
0
0
0
0
0
0
0
0
0
0
0
0
0
0
0
0
0
0
0
0
0
0
0
0
0
0
0
0
0
0
0
0
0
0
0
2310639079102947392
2310357604125114368
292470261874688
4514594911420416
292470260826112
2310639079102881856
292470260826112
292470261809152
10995285164032
292470260760576
10995285172288
292470260760576
10995284115456
10995285098496
4514594911485952
10995285106752
2310639079102939136
10995284049920
4796069889253440
4514594911420416
2310639079101890560
2310639079102873600
292470260826112
4796069889187904
2310357604126236736
2310639079101825024
10995285164032
292470260760576
10995284115456
2310357604126171200
10995284115456
10995285098496
292470261882880
10995284049920
4796069889245184
10995284049920
2310639079101890560
292470261817344
4796069888196608
4796069889179648
2310357604126228480
2310639079101825024
4514594912542784
4796069888131072
2310357604125179904
2310357604126162944
10995284115456
4514594912477248
292470261874688
2310357604125114368
292470261882880
10995284049920
292470260826112
292470261809152
4796069888196608
292470261817344
10995285172224
292470260760576
4514594912534528
4796069888131072
2310357604125179904
10995285106688
4514594911485952
4514594912468992
2310639079102947328
2310357604125114368
292470261874688
4514594911420416
292470260826112
2310639079102881792
292470260826112
292470261809152
10995285164032
292470260760576
10995285172224
292470260760576
10995284115456
10995285098496
4514594911485952
10995285106688
2310639079102939136
10995284049920
4796069889253376
4514594911420416
2310639079101890560
2310639079102873600
292470260826112
4796069889187840
2310357604126236672
2310639079101825024
10995285164032
292470260760576
10995284115456
2310357604126171136
10995284115456
10995285098496
292470261882944
10995284049920
4796069889245184
10995284049920
2310639079101890560
292470261817408
4796069888196608
4796069889179648
2310357604126228480
2310639079101825024
4514594912542720
4796069888131072
2310357604125179904
2310357604126162944
10995284115456
4514594912477184
292470261874688
2310357604125114368
292470261882944
10995284049920
292470260826112
292470261809152
4796069888196608
292470261817408
10995285172288
292470260760576
4514594912534528
4796069888131072
2310357604125179904
10995285106752
4514594911485952
4514594912468992
0
0
0
0
0
0
0
0
0
0
0
0
0
0
0
0
0
0
0
0
0
0
0
0
0
0
0
0
0
0
0
0
0
0
0
0
0
0
0
0
0
0
0
0
0
0
0
0
0
0
0
0
0
0
0
0
0
0
0
0
0
0
0
0
0
0
0
0
0
0
0
0
0
0
0
0
0
0
0
0
0
0
0
0
0
0
0
0
0
0
0
0
0
0
0
0
0
0
0
0
0
0
0
0
0
0
0
0
0
0
0
0
0
0
0
0
0
0
0
0
0
0
0
0
0
0
0
0
0
0
0
0
0
0
0
0
0
0
0
0
0
0
0
0
0
0
0
0
0
0
0
0
0
0
0
0
0
0
0
0
0
0
0
0
0
0
0
0
0
0
0
0
0
0
0
0
0
0
0
0
0
0
0
0
0
0
0
0
0
0
0
0
0
0
0
0
0
0
0
0
0
0
0
0
0
0
0
0
0
0
0
0
0
0
0
0
0
0
0
0
0
0
0
0
0
0
0
0
0
0
0
0
0
0
0
0
0
0
0
0
0
0
0
0
0
0
0
0
0
0
0
0
0
0
0
0
0
0
0
0
0
0
0
0
0
0
0
0
0
0
0
0
0
0
0
0
0
0
0
0
0
0
0
0
0
0
0
0
0
0
0
0
0
0
0
0
0
0
0
0
0
0
0
0
0
0
0
0
0
0
0
0
0
0
0
0
0
0
0
0
0
0
0
0
0
0
0
0
0
0
0
0
0
0
0
0
0
0
0
0
0
0
0
0
0
0
0
0
0
0
0
0
0
0
0
0
0
0
0
0
0
0
0
0
0
0
0
0
0
0
0
0
0
0
0
0
0
0
0
0
0
0
0
0
4693335752243822976
4693335752243822848
9029189822972160
9029189822972160
4693335752243691648
4693335752243691520
9029189822840832
9029189822840832
4693335752243822720
4693335752243822592
9029189822971904
9029189822971904
4693335752243691648
4693335752243691520
9029189822840832
9029189822840832
4693335752241709312
4693335752241709312
4621278158205895040
4621278158205894912
4693335752241577984
4693335752241577984
4621278158205763712
4621278158205763584
4693335752241709056
4693335752241709056
4621278158205894784
4621278158205894656
4693335752241577984
4693335752241577984
4621278158205763712
4621278158205763584
72642534561694080
72642534561693952
4621278158203781376
4621278158203781376
72642534561562752
72642534561562624
4621278158203650048
4621278158203650048
72642534561693824
72642534561693696
4621278158203781120
4621278158203781120
72642534561562752
72642534561562624
4621278158203650048
4621278158203650048
72642534559580416
72642534559580416
584940523766144
584940523766016
72642534559449088
72642534559449088
584940523634816
584940523634688
72642534559580160
72642534559580160
584940523765888
584940523765760
72642534559449088
72642534559449088
584940523634816
584940523634688
4620715208252473728
4620715208252473600
584940521652480
584940521652480
4620715208252342400
4620715208252342272
584940521521152
584940521521152
4620715208252473472
4620715208252473344
584940521652224
584940521652224
4620715208252342400
4620715208252342272
584940521521152
584940521521152
4620715208250360064
4620715208250360064
4620715208252473728
4620715208252473600
4620715208250228736
4620715208250228736
4620715208252342400
4620715208252342272
4620715208250359808
4620715208250359808
4620715208252473472
4620715208252473344
4620715208250228736
4620715208250228736
4620715208252342400
4620715208252342272
21990570344832
21990570344704
4620715208250360064
4620715208250360064
21990570213504
21990570213376
4620715208250228736
4620715208250228736
21990570344576
21990570344448
4620715208250359808
4620715208250359808
21990570213504
21990570213376
4620715208250228736
4620715208250228736
21990568231168
21990568231168
21990570344832
21990570344704
21990568099840
21990568099840
21990570213504
21990570213376
21990568230912
21990568230912
21990570344576
21990570344448
21990568099840
21990568099840
21990570213504
21990570213376
4693335752243806464
4693335752243806464
21990568231168
21990568231168
4693335752243675136
4693335752243675136
21990568099840
21990568099840
4693335752243806208
4693335752243806208
21990568230912
21990568230912
4693335752243675136
4693335752243675136
21990568099840
21990568099840
4693335752241709312
4693335752241709312
4621278158205878528
4621278158205878528
4693335752241577984
4693335752241577984
4621278158205747200
4621278158205747200
4693335752241709056
4693335752241709056
4621278158205878272
4621278158205878272
4693335752241577984
4693335752241577984
4621278158205747200
4621278158205747200
72642534561677568
72642534561677568
4621278158203781376
4621278158203781376
72642534561546240
72642534561546240
4621278158203650048
4621278158203650048
72642534561677312
72642534561677312
4621278158203781120
4621278158203781120
72642534561546240
72642534561546240
4621278158203650048
4621278158203650048
72642534559580416
72642534559580416
584940523749632
584940523749632
72642534559449088
72642534559449088
584940523618304
584940523618304
72642534559580160
72642534559580160
584940523749376
584940523749376
72642534559449088
72642534559449088
584940523618304
584940523618304
4620715208252457216
4620715208252457216
584940521652480
584940521652480
4620715208252325888
4620715208252325888
584940521521152
584940521521152
4620715208252456960
4620715208252456960
584940521652224
584940521652224
4620715208252325888
4620715208252325888
584940521521152
584940521521152
4620715208250360064
4620715208250360064
4620715208252457216
4620715208252457216
4620715208250228736
4620715208250228736
4620715208252325888
4620715208252325888
4620715208250359808
4620715208250359808
4620715208252456960
4620715208252456960
4620715208250228736
4620715208250228736
4620715208252325888
4620715208252325888
21990570328320
21990570328320
4620715208250360064
4620715208250360064
21990570196992
21990570196992
4620715208250228736
4620715208250228736
21990570328064
21990570328064
4620715208250359808
4620715208250359808
21990570196992
21990570196992
4620715208250228736
4620715208250228736
21990568231168
21990568231168
21990570328320
21990570328320
21990568099840
21990568099840
21990570196992
21990570196992
21990568230912
21990568230912
21990570328064
21990570328064
21990568099840
21990568099840
21990570196992
21990570196992
72642534561694080
72642534561693952
21990568231168
21990568231168
72642534561562752
72642534561562624
21990568099840
21990568099840
72642534561693824
72642534561693696
21990568230912
21990568230912
72642534561562752
72642534561562624
21990568099840
21990568099840
72642534559580416
72642534559580416
584940523766144
584940523766016
72642534559449088
72642534559449088
584940523634816
584940523634688
72642534559580160
72642534559580160
584940523765888
584940523765760
72642534559449088
72642534559449088
584940523634816
584940523634688
81649733816435072
81649733816434944
584940521652480
584940521652480
81649733816303744
81649733816303616
584940521521152
584940521521152
81649733816434816
81649733816434688
584940521652224
584940521652224
81649733816303744
81649733816303616
584940521521152
584940521521152
81649733814321408
81649733814321408
9592139778507136
9592139778507008
81649733814190080
81649733814190080
9592139778375808
9592139778375680
81649733814321152
81649733814321152
9592139778506880
9592139778506752
81649733814190080
81649733814190080
9592139778375808
9592139778375680
21990570344832
21990570344704
9592139776393472
9592139776393472
21990570213504
21990570213376
9592139776262144
9592139776262144
21990570344576
21990570344448
9592139776393216
9592139776393216
21990570213504
21990570213376
9592139776262144
9592139776262144
21990568231168
21990568231168
21990570344832
21990570344704
21990568099840
21990568099840
21990570213504
21990570213376
21990568230912
21990568230912
21990570344576
21990570344448
21990568099840
21990568099840
21990570213504
21990570213376
9029189825085824
9029189825085696
21990568231168
21990568231168
9029189824954496
9029189824954368
21990568099840
21990568099840
9029189825085568
9029189825085440
21990568230912
21990568230912
9029189824954496
9029189824954368
21990568099840
21990568099840
9029189822972160
9029189822972160
9029189825085824
9029189825085696
9029189822840832
9029189822840832
9029189824954496
9029189824954368
9029189822971904
9029189822971904
9029189825085568
9029189825085440
9029189822840832
9029189822840832
9029189824954496
9029189824954368
72642534561677568
72642534561677568
9029189822972160
9029189822972160
72642534561546240
72642534561546240
9029189822840832
9029189822840832
72642534561677312
72642534561677312
9029189822971904
9029189822971904
72642534561546240
72642534561546240
9029189822840832
9029189822840832
72642534559580416
72642534559580416
584940523749632
584940523749632
72642534559449088
72642534559449088
584940523618304
584940523618304
72642534559580160
72642534559580160
584940523749376
584940523749376
72642534559449088
72642534559449088
584940523618304
584940523618304
81649733816418560
81649733816418560
584940521652480
584940521652480
81649733816287232
81649733816287232
584940521521152
584940521521152
81649733816418304
81649733816418304
584940521652224
584940521652224
81649733816287232
81649733816287232
584940521521152
584940521521152
81649733814321408
81649733814321408
9592139778490624
9592139778490624
81649733814190080
81649733814190080
9592139778359296
9592139778359296
81649733814321152
81649733814321152
9592139778490368
9592139778490368
81649733814190080
81649733814190080
9592139778359296
9592139778359296
21990570328320
21990570328320
9592139776393472
9592139776393472
21990570196992
21990570196992
9592139776262144
9592139776262144
21990570328064
21990570328064
9592139776393216
9592139776393216
21990570196992
21990570196992
9592139776262144
9592139776262144
21990568231168
21990568231168
21990570328320
21990570328320
21990568099840
21990568099840
21990570196992
21990570196992
21990568230912
21990568230912
21990570328064
21990570328064
21990568099840
21990568099840
21990570196992
21990570196992
9029189825069312
9029189825069312
21990568231168
21990568231168
9029189824937984
9029189824937984
21990568099840
21990568099840
9029189825069056
9029189825069056
21990568230912
21990568230912
9029189824937984
9029189824937984
21990568099840
21990568099840
9029189822972160
9029189822972160
9029189825069312
9029189825069312
9029189822840832
9029189822840832
9029189824937984
9029189824937984
9029189822971904
9029189822971904
9029189825069056
9029189825069056
9029189822840832
9029189822840832
9029189824937984
9029189824937984
9386671504487645697
145285069118898176
163299467632869889
145285069118898176
9241430416500457472
43981140688896
18058379645681664
43981140688896
9386671504487645184
145285069118898176
163299467632869376
145285069118898176
9241430416500720128
43981140426752
18058379645944320
43981140426752
9386671504487383040
1169881043304960
163299467632607232
1169881043304960
9241430416500719616
43981140426752
18058379645943808
43981140426752
9386671504487383040
1169881043304448
163299467632607232
1169881043304448
9241430416500457472
43981136462336
18058379645681664
43981136462336
9242556316411789825
1169881043042304
19184279557014017
1169881043042304
9241430416500457472
43981136461824
18058379645681664
43981136461824
9242556316411789312
1169881043042304
19184279557013504
1169881043042304
9241430416504947201
43981136199680
18058379650171393
43981136199680
9242556316411527168
145285069123355136
19184279556751360
145285069123355136
9241430416504946688
43981136199680
18058379650170880
43981136199680
9242556316411527168
145285069123354624
19184279556751360
145285069123354624
9241430416504684544
43981136462336
18058379649908736
43981136462336
9386671504483418625
145285069123092480
163299467628642817
145285069123092480
9241430416504684544
43981136461824
18058379649908736
43981136461824
9386671504483418112
145285069123092480
163299467628642304
145285069123092480
9241430416504947201
43981136199680
18058379650171393
43981136199680
9386671504483155968
1169881047499264
163299467628380160
1169881047499264
9241430416504946688
43981136199680
18058379650170880
43981136199680
9386671504483155968
1169881047498752
163299467628380160
1169881047498752
9241430416504684544
43981140656640
18058379649908736
43981140656640
9242556316407562753
1169881047236608
19184279552786945
1169881047236608
9241430416504684544
43981140656128
18058379649908736
43981140656128
9242556316407562240
1169881047236608
19184279552786432
1169881047236608
9241430416500720129
43981140393984
18058379645944321
43981140393984
9242556316407300096
145285069119160832
19184279552524288
145285069119160832
9241430416500719616
43981140393984
18058379645943808
43981140393984
9242556316407300096
145285069119160320
19184279552524288
145285069119160320
9241430416500457472
43981140656640
18058379645681664
43981140656640
9386671504487612929
145285069118898176
163299467632837121
145285069118898176
9241430416500457472
43981140656128
18058379645681664
43981140656128
9386671504487612416
145285069118898176
163299467632836608
145285069118898176
9241430416500720129
43981140393984
18058379645944321
43981140393984
9386671504487350272
1169881043304960
163299467632574464
1169881043304960
9241430416500719616
43981140393984
18058379645943808
43981140393984
9386671504487350272
1169881043304448
163299467632574464
1169881043304448
9241430416500457472
43981136462336
18058379645681664
43981136462336
9242556316411757057
1169881043042304
19184279556981249
1169881043042304
9241430416500457472
43981136461824
18058379645681664
43981136461824
9242556316411756544
1169881043042304
19184279556980736
1169881043042304
9241430416504914433
43981136199680
18058379650138625
43981136199680
9242556316411494400
145285069123387905
19184279556718592
145285069123387905
9241430416504913920
43981136199680
18058379650138112
43981136199680
9242556316411494400
145285069123387392
19184279556718592
145285069123387392
9241430416504651776
43981136462336
18058379649875968
43981136462336
9386671504483418625
145285069123125248
163299467628642817
145285069123125248
9241430416504651776
43981136461824
18058379649875968
43981136461824
9386671504483418112
145285069123125248
163299467628642304
145285069123125248
9241430416504914433
43981136199680
18058379650138625
43981136199680
9386671504483155968
1169881047532033
163299467628380160
1169881047532033
9241430416504913920
43981136199680
18058379650138112
43981136199680
9386671504483155968
1169881047531520
163299467628380160
1169881047531520
9241430416504651776
43981140689409
18058379649875968
43981140689409
9242556316407562753
1169881047269376
19184279552786945
1169881047269376
9241430416504651776
43981140688896
18058379649875968
43981140688896
9242556316407562240
1169881047269376
19184279552786432
1169881047269376
9241430416500720129
43981140426752
18058379645944321
43981140426752
9242556316407300096
145285069119160833
19184279552524288
145285069119160833
9241430416500719616
43981140426752
18058379645943808
43981140426752
9242556316407300096
145285069119160320
19184279552524288
145285069119160320
9241430416500457472
43981140689409
18058379645681664
43981140689409
9386671504487645696
145285069118898176
163299467632869888
145285069118898176
9241430416500457472
43981140688896
18058379645681664
43981140688896
9386671504487645184
145285069118898176
163299467632869376
145285069118898176
9241430416500720129
43981140426752
18058379645944321
43981140426752
9386671504487383040
1169881043304961
163299467632607232
1169881043304961
9241430416500719616
43981140426752
18058379645943808
43981140426752
9386671504487383040
1169881043304448
163299467632607232
1169881043304448
9241430416500457472
43981136462337
18058379645681664
43981136462337
9242556316411789824
1169881043042304
19184279557014016
1169881043042304
9241430416500457472
43981136461824
18058379645681664
43981136461824
9242556316411789312
1169881043042304
19184279557013504
1169881043042304
9241430416504947200
43981136199680
18058379650171392
43981136199680
9242556316411527168
145285069123355137
19184279556751360
145285069123355137
9241430416504946688
43981136199680
18058379650170880
43981136199680
9242556316411527168
145285069123354624
19184279556751360
145285069123354624
9241430416504684544
43981136462337
18058379649908736
43981136462337
9386671504483418624
145285069123092480
163299467628642816
145285069123092480
9241430416504684544
43981136461824
18058379649908736
43981136461824
9386671504483418112
145285069123092480
163299467628642304
145285069123092480
9241430416504947200
43981136199680
18058379650171392
43981136199680
9386671504483155968
1169881047499265
163299467628380160
1169881047499265
9241430416504946688
43981136199680
18058379650170880
43981136199680
9386671504483155968
1169881047498752
163299467628380160
1169881047498752
9241430416504684544
43981140656641
18058379649908736
43981140656641
9242556316407562752
1169881047236608
19184279552786944
1169881047236608
9241430416504684544
43981140656128
18058379649908736
43981140656128
9242556316407562240
1169881047236608
19184279552786432
1169881047236608
9241430416500720128
43981140393984
18058379645944320
43981140393984
9242556316407300096
145285069119160833
19184279552524288
145285069119160833
9241430416500719616
43981140393984
18058379645943808
43981140393984
9242556316407300096
145285069119160320
19184279552524288
145285069119160320
9241430416500457472
43981140656641
18058379645681664
43981140656641
9386671504487612928
145285069118898176
163299467632837120
145285069118898176
9241430416500457472
43981140656128
18058379645681664
43981140656128
9386671504487612416
145285069118898176
163299467632836608
145285069118898176
9241430416500720128
43981140393984
18058379645944320
43981140393984
9386671504487350272
1169881043304961
163299467632574464
1169881043304961
9241430416500719616
43981140393984
18058379645943808
43981140393984
9386671504487350272
1169881043304448
163299467632574464
1169881043304448
9241430416500457472
43981136462337
18058379645681664
43981136462337
9242556316411757056
1169881043042304
19184279556981248
1169881043042304
9241430416500457472
43981136461824
18058379645681664
43981136461824
9242556316411756544
1169881043042304
19184279556980736
1169881043042304
9241430416504914432
43981136199680
18058379650138624
43981136199680
9242556316411494400
145285069123387904
19184279556718592
145285069123387904
9241430416504913920
43981136199680
18058379650138112
43981136199680
9242556316411494400
145285069123387392
19184279556718592
145285069123387392
9241430416504651776
43981136462337
18058379649875968
43981136462337
9386671504483418624
145285069123125248
163299467628642816
145285069123125248
9241430416504651776
43981136461824
18058379649875968
43981136461824
9386671504483418112
145285069123125248
163299467628642304
145285069123125248
9241430416504914432
43981136199680
18058379650138624
43981136199680
9386671504483155968
1169881047532032
163299467628380160
1169881047532032
9241430416504913920
43981136199680
18058379650138112
43981136199680
9386671504483155968
1169881047531520
163299467628380160
1169881047531520
9241430416504651776
43981140689408
18058379649875968
43981140689408
9242556316407562752
1169881047269376
19184279552786944
1169881047269376
9241430416504651776
43981140688896
18058379649875968
43981140688896
9242556316407562240
1169881047269376
19184279552786432
1169881047269376
9241430416500720128
43981140426752
18058379645944320
43981140426752
9242556316407300096
145285069119160832
19184279552524288
145285069119160832
9241430416500719616
43981140426752
18058379645943808
43981140426752
9242556316407300096
145285069119160320
19184279552524288
145285069119160320
9241430416500457472
43981140689408
18058379645681664
43981140689408
326598935265674242
2339762086084608
36116759291887616
87962280787968
326598935265148928
38368559113962498
36116759291363328
36116759291887616
290570138246709248
38368559113437184
87962272924672
36116759291363328
290570138246184960
2339762094997504
87962272399360
87962272924672
326598935257285634
2339762094473216
36116759300277250
87962272399360
326598935256760320
38368559105573890
36116759299751936
36116759300277250
290570138238320640
38368559105048576
87962281312256
36116759299751936
290570138237796352
2339762086608896
87962280787968
87962281312256
326598935265674240
2339762086084608
36116759291888642
87962280787968
326598935265148928
38368559113962496
36116759291363328
36116759291888642
290570138246709248
38368559113437184
87962272923648
36116759291363328
290570138246184960
2339762094997504
87962272399360
87962272923648
326598935257285632
2339762094473216
36116759300277248
87962272399360
326598935256760320
38368559105573888
36116759299751936
36116759300277248
290570138238320640
38368559105048576
87962281312256
36116759299751936
290570138237796352
2339762086608896
87962280787968
87962281312256
326598935265673216
2339762086084608
36116759291888640
87962280787968
326598935265148928
38368559113961472
36116759291363328
36116759291888640
290570138246710274
38368559113437184
87962272923648
36116759291363328
290570138246184960
2339762094998530
87962272399360
87962272923648
326598935257284608
2339762094473216
36116759300276224
87962272399360
326598935256760320
38368559105572864
36116759299751936
36116759300276224
290570138238321666
38368559105048576
87962281313282
36116759299751936
290570138237796352
2339762086609922
87962280787968
87962281313282
326598935265673216
2339762086084608
36116759291887616
87962280787968
326598935265148928
38368559113961472
36116759291363328
36116759291887616
290570138246710272
38368559113437184
87962272924674
36116759291363328
290570138246184960
2339762094998528
87962272399360
87962272924674
326598935257284608
2339762094473216
36116759300276224
87962272399360
326598935256760320
38368559105572864
36116759299751936
36116759300276224
290570138238321664
38368559105048576
87962281313280
36116759299751936
290570138237796352
2339762086609920
87962280787968
87962281313280
0
0
0
0
0
0
0
0
0
0
0
0
0
0
0
0
0
0
0
0
0
0
0
0
0
0
0
0
0
0
0
0
0
0
0
0
0
0
0
0
0
0
0
0
0
0
0
0
0
0
0
0
0
0
0
0
0
0
0
0
0
0
0
0
0
0
0
0
0
0
0
0
0
0
0
0
0
0
0
0
0
0
0
0
0
0
0
0
0
0
0
0
0
0
0
0
0
0
0
0
0
0
0
0
0
0
0
0
0
0
0
0
0
0
0
0
0
0
0
0
0
0
0
0
0
0
0
0
0
0
0
0
0
0
0
0
0
0
0
0
0
0
0
0
0
0
0
0
0
0
0
0
0
0
0
0
0
0
0
0
0
0
0
0
0
0
0
0
0
0
0
0
0
0
0
0
0
0
0
0
0
0
0
0
0
0
0
0
0
0
0
0
0
0
0
0
0
0
0
0
0
0
0
0
0
0
0
0
0
0
0
0
0
0
0
0
0
0
0
0
0
0
0
0
0
0
0
0
0
0
0
0
0
0
0
0
0
0
0
0
0
0
0
0
0
0
0
0
0
0
0
0
0
0
0
0
0
0
0
0
0
0
0
0
0
0
0
0
0
0
0
0
0
0
0
0
0
0
0
0
0
0
0
0
0
0
0
0
0
0
0
0
0
0
0
0
0
0
0
0
0
0
0
0
0
0
0
0
0
0
0
0
0
0
0
0
0
0
0
0
0
0
0
0
0
0
0
0
0
0
0
0
0
0
0
0
0
0
0
0
0
0
0
0
0
0
0
0
0
0
0
0
0
0
0
0
0
0
0
0
0
0
0
0
0
0
0
0
0
0
0
0
0
0
0
0
0
0
0
0
0
0
0
0
581140276476643332
175924544798720
581140276476641280
175924544798720
581140276475592704
175924545849348
581140276475592704
175924545847296
581140276476643328
175924544798720
581140276476641280
175924544798720
581140276475592704
175924545849344
581140276475592704
175924545847296
4679524173219844
175924544798720
4679524173217792
175924544798720
4679524172169216
175924545849348
4679524172169216
175924545847296
4679524173219840
175924544798720
4679524173217792
175924544798720
4679524172169216
175924545849344
4679524172169216
175924545847296
0
0
0
0
0
0
0
0
0
0
0
0
0
0
0
0
0
0
0
0
0
0
0
0
0
0
0
0
0
0
0
0
0
0
0
0
0
0
0
0
0
0
0
0
0
0
0
0
0
0
0
0
0
0
0
0
0
0
0
0
0
0
0
0
0
0
0
0
0
0
0
0
0
0
0
0
0
0
0
0
0
0
0
0
0
0
0
0
0
0
0
0
0
0
0
0
0
0
0
0
0
0
0
0
0
0
0
0
0
0
0
0
0
0
0
0
0
0
0
0
0
0
0
0
0
0
0
0
0
0
0
0
0
0
0
0
0
0
0
0
0
0
0
0
0
0
0
0
0
0
0
0
0
0
0
0
0
0
0
0
0
0
0
0
0
0
0
0
0
0
0
0
0
0
0
0
0
0
0
0
0
0
0
0
0
0
0
0
0
0
0
0
0
0
0
0
0
0
0
0
0
0
0
0
0
0
0
0
0
0
0
0
0
0
0
0
0
0
0
0
0
0
0
0
0
0
0
0
0
0
0
0
0
0
0
0
0
0
0
0
0
0
0
0
0
0
0
0
0
0
0
0
0
0
0
0
0
0
0
0
0
0
0
0
0
0
0
0
0
0
0
0
0
0
0
0
0
0
0
0
0
0
0
0
0
0
0
0
0
0
0
0
0
0
0
0
0
0
0
0
0
0
0
0
0
0
0
0
0
0
0
0
0
0
0
0
0
0
0
0
0
0
0
0
0
0
0
0
0
0
0
0
0
0
0
0
0
0
0
0
0
0
0
0
0
0
0
0
0
0
0
0
0
0
0
0
0
0
0
0
0
0
0
0
0
0
0
0
0
0
0
0
0
0
0
0
0
0
0
0
0
0
0
0
0
0
0
0
0
0
0
0
0
0
0
0
0
0
0
0
0
0
0
0
0
0
0
0
0
0
0
0
0
0
0
0
0
0
0
0
0
0
0
0
0
0
0
0
0
0
0
0
0
0
0
0
0
0
0
0
0
0
0
0
0
0
0
0
0
0
0
0
0
0
0
0
0
0
0
0
0
0
0
0
0
0
0
0
0
0
0
0
0
0
0
0
0
0
0
0
1161999073681608712
9077569074761736
1161999073679507456
9077569072660480
70369817919488
70369817919488
1161999073681604608
9077569074757632
70369820020744
70369820020744
70369817919488
70369817919488
1161999073679507456
9077569072660480
70369820016640
70369820016640
1161999073681608704
9077569074761728
1161999073679507456
9077569072660480
70369817919488
70369817919488
1161999073681604608
9077569074757632
70369820020736
70369820020736
70369817919488
70369817919488
1161999073679507456
9077569072660480
70369820016640
70369820016640
0
0
0
0
0
0
0
0
0
0
0
0
0
0
0
0
0
0
0
0
0
0
0
0
0
0
0
0
0
0
0
0
0
0
0
0
0
0
0
0
0
0
0
0
0
0
0
0
0
0
0
0
0
0
0
0
0
0
0
0
0
0
0
0
0
0
0
0
0
0
0
0
0
0
0
0
0
0
0
0
0
0
0
0
0
0
0
0
0
0
0
0
0
0
0
0
0
0
0
0
0
0
0
0
0
0
0
0
0
0
0
0
0
0
0
0
0
0
0
0
0
0
0
0
0
0
0
0
0
0
0
0
0
0
0
0
0
0
0
0
0
0
0
0
0
0
0
0
0
0
0
0
0
0
0
0
0
0
0
0
0
0
0
0
0
0
0
0
0
0
0
0
0
0
0
0
0
0
0
0
0
0
0
0
0
0
0
0
0
0
0
0
0
0
0
0
0
0
0
0
0
0
0
0
0
0
0
0
0
0
0
0
0
0
0
0
0
0
0
0
0
0
0
0
0
0
0
0
0
0
0
0
0
0
0
0
0
0
0
0
0
0
0
0
0
0
0
0
0
0
0
0
0
0
0
0
0
0
0
0
0
0
0
0
0
0
0
0
0
0
0
0
0
0
0
0
0
0
0
0
0
0
0
0
0
0
0
0
0
0
0
0
0
0
0
0
0
0
0
0
0
0
0
0
0
0
0
0
0
0
0
0
0
0
0
0
0
0
0
0
0
0
0
0
0
0
0
0
0
0
0
0
0
0
0
0
0
0
0
0
0
0
0
0
0
0
0
0
0
0
0
0
0
0
0
0
0
0
0
0
0
0
0
0
0
0
0
0
0
0
0
0
0
0
0
0
0
0
0
0
0
0
0
0
0
0
0
0
0
0
0
0
0
0
0
0
0
0
0
0
0
0
0
0
0
0
0
0
0
0
0
0
0
0
0
0
0
0
0
0
0
0
0
0
0
0
0
0
0
0
0
0
0
0
0
0
0
0
0
0
0
0
0
0
0
0
0
0
0
0
0
0
0
0
0
0
0
0
0
0
0
0
0
0
0
0
0
0
0
0
0
0
0
0
0
0
0
0
0
0
288793334762704928
288793334762176512
288793334695067648
288793334695067648
562958610993184
562958610464768
562958543355904
562958543355904
288793334762704896
288793334762176512
288793334762700800
288793334762176512
562958610993152
562958610464768
562958610989056
562958610464768
288793334695067648
288793334695067648
288793334762700800
288793334762176512
562958543355904
562958543355904
562958610989056
562958610464768
288793334695067648
288793334695067648
288793334695067648
288793334695067648
562958543355904
562958543355904
562958543355904
562958543355904
0
0
0
0
0
0
0
0
0
0
0
0
0
0
0
0
0
0
0
0
0
0
0
0
0
0
0
0
0
0
0
0
0
0
0
0
0
0
0
0
0
0
0
0
0
0
0
0
0
0
0
0
0
0
0
0
0
0
0
0
0
0
0
0
0
0
0
0
0
0
0
0
0
0
0
0
0
0
0
0
0
0
0
0
0
0
0
0
0
0
0
0
0
0
0
0
0
0
0
0
0
0
0
0
0
0
0
0
0
0
0
0
0
0
0
0
0
0
0
0
0
0
0
0
0
0
0
0
0
0
0
0
0
0
0
0
0
0
0
0
0
0
0
0
0
0
0
0
0
0
0
0
0
0
0
0
0
0
0
0
0
0
0
0
0
0
0
0
0
0
0
0
0
0
0
0
0
0
0
0
0
0
0
0
0
0
0
0
0
0
0
0
0
0
0
0
0
0
0
0
0
0
0
0
0
0
0
0
0
0
0
0
0
0
0
0
0
0
0
0
0
0
0
0
0
0
0
0
0
0
0
0
0
0
0
0
0
0
0
0
0
0
0
0
0
0
0
0
0
0
0
0
0
0
0
0
0
0
0
0
0
0
0
0
0
0
0
0
0
0
0
0
0
0
0
0
0
0
0
0
0
0
0
0
0
0
0
0
0
0
0
0
0
0
0
0
0
0
0
0
0
0
0
0
0
0
0
0
0
0
0
0
0
0
0
0
0
0
0
0
0
0
0
0
0
0
0
0
0
0
0
0
0
0
0
0
0
0
0
0
0
0
0
0
0
0
0
0
0
0
0
0
0
0
0
0
0
0
0
0
0
0
0
0
0
0
0
0
0
0
0
0
0
0
0
0
0
0
0
0
0
0
0
0
0
0
0
0
0
0
0
0
0
0
0
0
0
0
0
0
0
0
0
0
0
0
0
0
0
0
0
0
0
0
0
0
0
0
0
0
0
0
0
0
0
0
0
0
0
0
0
0
0
0
0
0
0
0
0
0
0
0
0
0
0
0
0
0
0
0
0
0
0
0
0
0
0
0
0
0
0
0
0
0
0
0
0
0
0
0
0
0
0
0
0
0
0
0
0
0
577868148797087808
577868148797079552
1407396492607488
1407396492607488
1407396358389760
1407396358389760
577868148661813248
577868148661813248
577868148797087744
577868148797079552
577868148796030976
577868148796030976
1407396358389760
1407396358389760
1407396358389760
1407396358389760
1407396493664320
1407396493656064
577868148796030976
577868148796030976
577868148661813248
577868148661813248
1407396358389760
1407396358389760
1407396493664256
1407396493656064
1407396492607488
1407396492607488
577868148661813248
577868148661813248
577868148661813248
577868148661813248
0
0
0
0
0
0
0
0
0
0
0
0
0
0
0
0
0
0
0
0
0
0
0
0
0
0
0
0
0
0
0
0
0
0
0
0
0
0
0
0
0
0
0
0
0
0
0
0
0
0
0
0
0
0
0
0
0
0
0
0
0
0
0
0
0
0
0
0
0
0
0
0
0
0
0
0
0
0
0
0
0
0
0
0
0
0
0
0
0
0
0
0
0
0
0
0
0
0
0
0
0
0
0
0
0
0
0
0
0
0
0
0
0
0
0
0
0
0
0
0
0
0
0
0
0
0
0
0
0
0
0
0
0
0
0
0
0
0
0
0
0
0
0
0
0
0
0
0
0
0
0
0
0
0
0
0
0
0
0
0
0
0
0
0
0
0
0
0
0
0
0
0
0
0
0
0
0
0
0
0
0
0
0
0
0
0
0
0
0
0
0
0
0
0
0
0
0
0
0
0
0
0
0
0
0
0
0
0
0
0
0
0
0
0
0
0
0
0
0
0
0
0
0
0
0
0
0
0
0
0
0
0
0
0
0
0
0
0
0
0
0
0
0
0
0
0
0
0
0
0
0
0
0
0
0
0
0
0
0
0
0
0
0
0
0
0
0
0
0
0
0
0
0
0
0
0
0
0
0
0
0
0
0
0
0
0
0
0
0
0
0
0
0
0
0
0
0
0
0
0
0
0
0
0
0
0
0
0
0
0
0
0
0
0
0
0
0
0
0
0
0
0
0
0
0
0
0
0
0
0
0
0
0
0
0
0
0
0
0
0
0
0
0
0
0
0
0
0
0
0
0
0
0
0
0
0
0
0
0
0
0
0
0
0
0
0
0
0
0
0
0
0
0
0
0
0
0
0
0
0
0
0
0
0
0
0
0
0
0
0
0
0
0
0
0
0
0
0
0
0
0
0
0
0
0
0
0
0
0
0
0
0
0
0
0
0
0
0
0
0
0
0
0
0
0
0
0
0
0
0
0
0
0
0
0
0
0
0
0
0
0
0
0
0
0
0
0
0
0
0
0
0
0
0
0
0
0
0
0
0
0
0
0
0
0
0
0
0
0
0
0
0
0
0
0
0
0
0
0
0
1227793891648880768
1227793891632103552
2814792733556736
2814792716779520
1227793891378331648
1227793891361554432
1227793891648864256
1227793891632087040
74872387039920128
74872387023142912
1227793891378331648
1227793891361554432
74872386771484672
74872386754707456
74872387039920128
74872387023142912
1155736297610952832
1155736297594175616
74872386771484672
74872386754707456
1155736297340403712
1155736297323626496
1155736297610936320
1155736297594159104
2814793001992192
2814792985214976
1155736297340403712
1155736297323626496
2814792733556736
2814792716779520
2814793001992192
2814792985214976
1227793891648880640
1227793891632103424
2814792733556736
2814792716779520
1227793891378331648
1227793891361554432
1227793891648864256
1227793891632087040
1227793891646767104
1227793891629989888
1227793891378331648
1227793891361554432
1227793891378331648
1227793891361554432
1227793891646767104
1227793891629989888
1155736297610952704
1155736297594175488
1227793891378331648
1227793891361554432
1155736297340403712
1155736297323626496
1155736297610936320
1155736297594159104
1155736297608839168
1155736297592061952
1155736297340403712
1155736297323626496
1155736297340403712
1155736297323626496
1155736297608839168
1155736297592061952
74872387042033792
74872387025256576
1155736297340403712
1155736297323626496
74872386771484672
74872386754707456
74872387042017280
74872387025240064
1227793891646767104
1227793891629989888
74872386771484672
74872386754707456
1227793891378331648
1227793891361554432
1227793891646767104
1227793891629989888
2814793004105856
2814792987328640
1227793891378331648
1227793891361554432
2814792733556736
2814792716779520
2814793004089344
2814792987312128
1155736297608839168
1155736297592061952
2814792733556736
2814792716779520
1155736297340403712
1155736297323626496
1155736297608839168
1155736297592061952
74872387042033664
74872387025256448
1155736297340403712
1155736297323626496
74872386771484672
74872386754707456
74872387042017280
74872387025240064
74872387039920128
74872387023142912
74872386771484672
74872386754707456
74872386771484672
74872386754707456
74872387039920128
74872387023142912
2814793004105728
2814792987328512
74872386771484672
74872386754707456
2814792733556736
2814792716779520
2814793004089344
2814792987312128
2814793001992192
2814792985214976
2814792733556736
2814792716779520
2814792733556736
2814792716779520
2814793001992192
2814792985214976
0
0
0
0
0
0
0
0
0
0
0
0
0
0
0
0
0
0
0
0
0
0
0
0
0
0
0
0
0
0
0
0
0
0
0
0
0
0
0
0
0
0
0
0
0
0
0
0
0
0
0
0
0
0
0
0
0
0
0
0
0
0
0
0
0
0
0
0
0
0
0
0
0
0
0
0
0
0
0
0
0
0
0
0
0
0
0
0
0
0
0
0
0
0
0
0
0
0
0
0
0
0
0
0
0
0
0
0
0
0
0
0
0
0
0
0
0
0
0
0
0
0
0
0
0
0
0
0
0
0
0
0
0
0
0
0
0
0
0
0
0
0
0
0
0
0
0
0
0
0
0
0
0
0
0
0
0
0
0
0
0
0
0
0
0
0
0
0
0
0
0
0
0
0
0
0
0
0
0
0
0
0
0
0
0
0
0
0
0
0
0
0
0
0
0
0
0
0
0
0
0
0
0
0
0
0
0
0
0
0
0
0
0
0
0
0
0
0
0
0
0
0
0
0
0
0
0
0
0
0
0
0
0
0
0
0
0
0
0
0
0
0
0
0
0
0
0
0
0
0
0
0
0
0
0
0
0
0
0
0
0
0
0
0
0
0
0
0
0
0
0
0
0
0
0
0
0
0
0
0
0
0
0
0
0
0
0
0
0
0
0
0
0
0
0
0
0
0
0
0
0
0
0
0
0
0
0
0
0
0
0
0
0
0
0
0
0
0
0
0
0
0
0
0
0
0
0
0
0
0
0
0
0
0
0
0
0
0
0
0
0
0
0
0
0
0
0
0
0
0
0
0
0
0
0
0
0
0
0
0
0
0
0
0
0
0
0
0
0
0
0
0
0
0
0
0
0
0
0
0
0
0
0
0
2455587783297826816
2311472594647252992
2455587783264206848
5629585467179008
149744774084034560
5629585433559040
2455587783264174080
2455587783293599744
2455587782756728832
2455587783259979776
2455587782723108864
149744774079840256
149744773542969344
2455587783259979776
2455587782723108864
2455587782756728832
2311472595221970944
2455587782723108864
2311472595188350976
149744773542969344
5629586008178688
2455587782723108864
2311472595188318208
2311472595217743872
2311472594680872960
2311472595184123904
2311472594647252992
5629586003984384
5629585467113472
2311472595184123904
2311472594647252992
2311472594680872960
2455587783297761280
2311472594647252992
149744774050512896
5629585467113472
2455587783297794048
2311472594647252992
2455587783264174080
2455587783293534208
2455587782756663296
149744774046285824
149744773509414912
2455587783293599744
2455587782756728832
2455587783259979776
2455587782723108864
2455587782756663296
2311472595221905408
149744773509414912
5629585974657024
2455587782756728832
2311472595221938176
2455587782723108864
2311472595188318208
2311472595217678336
2311472594680807424
5629585970429952
5629585433559040
2311472595217743872
2311472594680872960
2311472595184123904
2311472594647252992
2311472594680807424
149744774084132864
5629585433559040
149744774050512896
2311472594680872960
2455587783297728512
2311472594647252992
149744774050480128
149744774079905792
149744773543034880
149744774046285824
149744773509414912
2455587783293534208
2455587782756663296
149744774046285824
149744773509414912
149744773543034880
5629586008276992
149744773509414912
5629585974657024
2455587782756663296
2311472595221872640
149744773509414912
5629585974624256
5629586004049920
5629585467179008
5629585970429952
5629585433559040
2311472595217678336
2311472594680807424
5629585970429952
5629585433559040
5629585467179008
149744774084067328
5629585433559040
2455587783264206848
2311472594680807424
149744774084100096
5629585433559040
149744774050480128
149744774079840256
149744773542969344
2455587783259979776
2455587782723108864
149744774079905792
149744773543034880
149744774046285824
149744773509414912
149744773542969344
5629586008211456
2455587782723108864
2311472595188350976
149744773543034880
5629586008244224
149744773509414912
5629585974624256
5629586003984384
5629585467113472
2311472595184123904
2311472594647252992
5629586004049920
5629585467179008
5629585970429952
5629585433559040
5629585467113472
0
0
0
0
0
0
0
0
0
0
0
0
0
0
0
0
0
0
0
0
0
0
0
0
0
0
0
0
0
0
0
0
0
0
0
0
0
0
0
0
0
0
0
0
0
0
0
0
0
0
0
0
0
0
0
0
0
0
0
0
0
0
0
0
0
0
0
0
0
0
0
0
0
0
0
0
0
0
0
0
0
0
0
0
0
0
0
0
0
0
0
0
0
0
0
0
0
0
0
0
0
0
0
0
0
0
0
0
0
0
0
0
0
0
0
0
0
0
0
0
0
0
0
0
0
0
0
0
0
0
0
0
0
0
0
0
0
0
0
0
0
0
0
0
0
0
0
0
0
0
0
0
0
0
0
0
0
0
0
0
0
0
0
0
0
0
0
0
0
0
0
0
0
0
0
0
0
0
0
0
0
0
0
0
0
0
0
0
0
0
0
0
0
0
0
0
0
0
0
0
0
0
0
0
0
0
0
0
0
0
0
0
0
0
0
0
0
0
0
0
0
0
0
0
0
0
0
0
0
0
0
0
0
0
0
0
0
0
0
0
0
0
0
0
0
0
0
0
0
0
0
0
0
0
0
0
0
0
0
0
0
0
0
0
0
0
0
0
0
0
0
0
0
0
0
0
0
0
0
0
0
0
0
0
0
0
0
0
0
0
0
0
0
0
0
0
0
0
0
0
0
0
0
0
0
0
0
0
0
0
0
0
0
0
0
0
0
0
0
0
0
0
0
0
0
0
0
0
0
0
0
0
0
0
0
0
0
0
0
0
0
0
0
0
0
0
0
0
0
0
0
0
0
0
0
0
0
0
0
0
0
0
0
0
0
0
0
0
0
0
0
0
0
0
0
0
0
0
0
0
0
0
0
0
4911175566595588352
4911175566528348160
4911175566595457024
4911175566528348160
4911175565513457920
4911175565446217728
4911175565513326592
4911175565446217728
299489548159811584
299489548092571648
299489548159680512
299489548092571648
299489547086069760
299489547018829824
299489547085938688
299489547018829824
11259172008100096
11259171940859904
11259172007968768
11259171940859904
11259170934358272
11259170867118080
11259170934226944
11259170867118080
11259172016488448
11259171949248512
11259172016357376
11259171949248512
11259170934358016
11259170867118080
11259170934226944
11259170867118080
4911175566587199744
4911175566519959552
4911175566587068416
4911175566519959552
4911175565513457920
4911175565446217728
4911175565513326592
4911175565446217728
4911175566595588096
4911175566528348160
4911175566595457024
4911175566528348160
4911175565513457664
4911175565446217728
4911175565513326592
4911175565446217728
4622945190443876608
4622945190376636416
4622945190443745280
4622945190376636416
4622945189361746176
4622945189294505984
4622945189361614848
4622945189294505984
11259172008099840
11259171940859904
11259172007968768
11259171940859904
11259170934358016
11259170867118080
11259170934226944
11259170867118080
299489548168200448
299489548100960256
299489548168069120
299489548100960256
299489547086070016
299489547018829824
299489547085938688
299489547018829824
4911175566587199488
4911175566519959552
4911175566587068416
4911175566519959552
4911175565513457664
4911175565446217728
4911175565513326592
4911175565446217728
4622945190435488000
4622945190368247808
4622945190435356672
4622945190368247808
4622945189361746176
4622945189294505984
4622945189361614848
4622945189294505984
4622945190443876352
4622945190376636416
4622945190443745280
4622945190376636416
4622945189361745920
4622945189294505984
4622945189361614848
4622945189294505984
299489548159811840
299489548092571648
299489548159680512
299489548092571648
299489547086070016
299489547018829824
299489547085938688
299489547018829824
299489548168200192
299489548100960256
299489548168069120
299489548100960256
299489547086069760
299489547018829824
299489547085938688
299489547018829824
11259172016488704
11259171949248512
11259172016357376
11259171949248512
11259170934358272
11259170867118080
11259170934226944
11259170867118080
4622945190435487744
4622945190368247808
4622945190435356672
4622945190368247808
4622945189361745920
4622945189294505984
4622945189361614848
4622945189294505984
0
0
0
0
0
0
0
0
0
0
0
0
0
0
0
0
0
0
0
0
0
0
0
0
0
0
0
0
0
0
0
0
0
0
0
0
0
0
0
0
0
0
0
0
0
0
0
0
0
0
0
0
0
0
0
0
0
0
0
0
0
0
0
0
0
0
0
0
0
0
0
0
0
0
0
0
0
0
0
0
0
0
0
0
0
0
0
0
0
0
0
0
0
0
0
0
0
0
0
0
0
0
0
0
0
0
0
0
0
0
0
0
0
0
0
0
0
0
0
0
0
0
0
0
0
0
0
0
0
0
0
0
0
0
0
0
0
0
0
0
0
0
0
0
0
0
0
0
0
0
0
0
0
0
0
0
0
0
0
0
0
0
0
0
0
0
0
0
0
0
0
0
0
0
0
0
0
0
0
0
0
0
0
0
0
0
0
0
0
0
0
0
0
0
0
0
0
0
0
0
0
0
0
0
0
0
0
0
0
0
0
0
0
0
0
0
0
0
0
0
0
0
0
0
0
0
0
0
0
0
0
0
0
0
0
0
0
0
0
0
0
0
0
0
0
0
0
0
0
0
0
0
0
0
0
0
0
0
0
0
0
0
0
0
0
0
0
0
0
0
0
0
0
0
0
0
0
0
0
0
0
0
0
0
0
0
0
0
0
0
0
0
0
0
0
0
0
0
0
0
0
0
0
0
0
0
0
0
0
0
0
0
0
0
0
0
0
0
0
0
0
0
0
0
0
0
0
0
0
0
0
0
0
0
0
0
0
0
0
0
0
0
0
0
0
0
0
0
0
0
0
0
0
0
0
0
0
0
0
0
0
0
0
0
0
0
0
0
0
0
0
0
0
0
0
0
0
0
0
0
0
0
0
0
9822351133174399489
9822351133174398976
9245890380870976001
9245890380870975488
9822351133174136832
9822351133174136832
9245890380870713344
9245890380870713344
598979096319623681
598979096319623168
22518344016200193
22518344016199680
598979096319361024
598979096319361024
22518344015937536
22518344015937536
9822351133039919104
9822351133039919104
9245890380736495616
9245890380736495616
9822351133039919104
9822351133039919104
9245890380736495616
9245890380736495616
598979096185143296
598979096185143296
22518343881719808
22518343881719808
598979096185143296
598979096185143296
22518343881719808
22518343881719808
9822351133174399488
9822351133174398976
9245890380870976000
9245890380870975488
9822351131026653184
9822351131026653184
9245890378723229696
9245890378723229696
598979096319623680
598979096319623168
22518344016200192
22518344016199680
598979094171877376
598979094171877376
22518341868453888
22518341868453888
9822351133039919104
9822351133039919104
9245890380736495616
9245890380736495616
9822351130892435456
9822351130892435456
9245890378589011968
9245890378589011968
598979096185143296
598979096185143296
22518343881719808
22518343881719808
598979094037659648
598979094037659648
22518341734236160
22518341734236160
9822351131026915841
9822351131026915328
9245890378723492353
9245890378723491840
9822351131026653184
9822351131026653184
9245890378723229696
9245890378723229696
598979094172140033
598979094172139520
22518341868716545
22518341868716032
598979094171877376
598979094171877376
22518341868453888
22518341868453888
9822351130892435456
9822351130892435456
9245890378589011968
9245890378589011968
9822351130892435456
9822351130892435456
9245890378589011968
9245890378589011968
598979094037659648
598979094037659648
22518341734236160
22518341734236160
598979094037659648
598979094037659648
22518341734236160
22518341734236160
9822351131026915840
9822351131026915328
9245890378723492352
9245890378723491840
9822351133174136832
9822351133174136832
9245890380870713344
9245890380870713344
598979094172140032
598979094172139520
22518341868716544
22518341868716032
598979096319361024
598979096319361024
22518344015937536
22518344015937536
9822351130892435456
9822351130892435456
9245890378589011968
9245890378589011968
9822351133039919104
9822351133039919104
9245890380736495616
9245890380736495616
598979094037659648
598979094037659648
22518341734236160
22518341734236160
598979096185143296
598979096185143296
22518343881719808
22518343881719808
0
0
0
0
0
0
0
0
0
0
0
0
0
0
0
0
0
0
0
0
0
0
0
0
0
0
0
0
0
0
0
0
0
0
0
0
0
0
0
0
0
0
0
0
0
0
0
0
0
0
0
0
0
0
0
0
0
0
0
0
0
0
0
0
0
0
0
0
0
0
0
0
0
0
0
0
0
0
0
0
0
0
0
0
0
0
0
0
0
0
0
0
0
0
0
0
0
0
0
0
0
0
0
0
0
0
0
0
0
0
0
0
0
0
0
0
0
0
0
0
0
0
0
0
0
0
0
0
0
0
0
0
0
0
0
0
0
0
0
0
0
0
0
0
0
0
0
0
0
0
0
0
0
0
0
0
0
0
0
0
0
0
0
0
0
0
0
0
0
0
0
0
0
0
0
0
0
0
0
0
0
0
0
0
0
0
0
0
0
0
0
0
0
0
0
0
0
0
0
0
0
0
0
0
0
0
0
0
0
0
0
0
0
0
0
0
0
0
0
0
0
0
0
0
0
0
0
0
0
0
0
0
0
0
0
0
0
0
0
0
0
0
0
0
0
0
0
0
0
0
0
0
0
0
0
0
0
0
0
0
0
0
0
0
0
0
0
0
0
0
0
0
0
0
0
0
0
0
0
0
0
0
0
0
0
0
0
0
0
0
0
0
0
0
0
0
0
0
0
0
0
0
0
0
0
0
0
0
0
0
0
0
0
0
0
0
0
0
0
0
0
0
0
0
0
0
0
0
0
0
0
0
0
0
0
0
0
0
0
0
0
0
0
0
0
0
0
0
0
0
0
0
0
0
0
0
0
0
0
0
0
0
0
0
0
0
0
0
0
0
0
0
0
0
0
0
0
0
0
0
0
0
0
0
1197958188344280066
45036683736907776
1197958188343754752
45036683468472320
1197958188344279040
45036683736907776
1197958188343754752
45036683468472320
1197958188075319296
45036683737433090
1197958188344280064
45036683736907776
1197958188075319296
45036683737432064
1197958188344279040
45036683736907776
1197958188075319296
45036683468472320
1197958188075319296
45036683737433088
1197958188075319296
45036683468472320
1197958188075319296
45036683737432064
1197958188343754752
45036683468472320
1197958188075319296
45036683468472320
1197958188343754752
45036683468472320
1197958188075319296
45036683468472320
0
0
0
0
0
0
0
0
0
0
0
0
0
0
0
0
0
0
0
0
0
0
0
0
0
0
0
0
0
0
0
0
0
0
0
0
0
0
0
0
0
0
0
0
0
0
0
0
0
0
0
0
0
0
0
0
0
0
0
0
0
0
0
0
0
0
0
0
0
0
0
0
0
0
0
0
0
0
0
0
0
0
0
0
0
0
0
0
0
0
0
0
0
0
0
0
0
0
0
0
0
0
0
0
0
0
0
0
0
0
0
0
0
0
0
0
0
0
0
0
0
0
0
0
0
0
0
0
0
0
0
0
0
0
0
0
0
0
0
0
0
0
0
0
0
0
0
0
0
0
0
0
0
0
0
0
0
0
0
0
0
0
0
0
0
0
0
0
0
0
0
0
0
0
0
0
0
0
0
0
0
0
0
0
0
0
0
0
0
0
0
0
0
0
0
0
0
0
0
0
0
0
0
0
0
0
0
0
0
0
0
0
0
0
0
0
0
0
0
0
0
0
0
0
0
0
0
0
0
0
0
0
0
0
0
0
0
0
0
0
0
0
0
0
0
0
0
0
0
0
0
0
0
0
0
0
0
0
0
0
0
0
0
0
0
0
0
0
0
0
0
0
0
0
0
0
0
0
0
0
0
0
0
0
0
0
0
0
0
0
0
0
0
0
0
0
0
0
0
0
0
0
0
0
0
0
0
0
0
0
0
0
0
0
0
0
0
0
0
0
0
0
0
0
0
0
0
0
0
0
0
0
0
0
0
0
0
0
0
0
0
0
0
0
0
0
0
0
0
0
0
0
0
0
0
0
0
0
0
0
0
0
0
0
0
0
0
0
0
0
0
0
0
0
0
0
0
0
0
0
0
0
0
0
0
0
0
0
0
0
0
0
0
0
0
0
0
0
0
0
0
0
0
0
0
0
0
0
0
0
0
0
0
0
0
0
0
0
0
0
0
0
0
0
0
0
0
0
0
0
0
0
0
0
0
0
0
0
0
0
0
0
0
0
0
0
0
0
0
0
0
0
0
0
0
0
0
0
0
0
0
0
0
0
0
0
0
0
0
0
0
0
0
0
0
0
0
0
0
0
2323857683139004420
18014673387388928
2323857682601082880
18014673924259840
2323857683137953792
18014673387388928
2323857682601082880
2323857683139004416
2323857683139002368
2323857682601082880
2323857682601082880
2323857683137953792
2323857683137953792
2323857682601082880
2323857682601082880
2323857683139002368
18014673925310468
2323857682601082880
18014673387388928
2323857683137953792
18014673924259840
2323857682601082880
18014673387388928
18014673925310464
18014673925308416
18014673387388928
18014673387388928
18014673924259840
18014673924259840
18014673387388928
18014673387388928
18014673925308416
0
0
0
0
0
0
0
0
0
0
0
0
0
0
0
0
0
0
0
0
0
0
0
0
0
0
0
0
0
0
0
0
0
0
0
0
0
0
0
0
0
0
0
0
0
0
0
0
0
0
0
0
0
0
0
0
0
0
0
0
0
0
0
0
0
0
0
0
0
0
0
0
0
0
0
0
0
0
0
0
0
0
0
0
0
0
0
0
0
0
0
0
0
0
0
0
0
0
0
0
0
0
0
0
0
0
0
0
0
0
0
0
0
0
0
0
0
0
0
0
0
0
0
0
0
0
0
0
0
0
0
0
0
0
0
0
0
0
0
0
0
0
0
0
0
0
0
0
0
0
0
0
0
0
0
0
0
0
0
0
0
0
0
0
0
0
0
0
0
0
0
0
0
0
0
0
0
0
0
0
0
0
0
0
0
0
0
0
0
0
0
0
0
0
0
0
0
0
0
0
0
0
0
0
0
0
0
0
0
0
0
0
0
0
0
0
0
0
0
0
0
0
0
0
0
0
0
0
0
0
0
0
0
0
0
0
0
0
0
0
0
0
0
0
0
0
0
0
0
0
0
0
0
0
0
0
0
0
0
0
0
0
0
0
0
0
0
0
0
0
0
0
0
0
0
0
0
0
0
0
0
0
0
0
0
0
0
0
0
0
0
0
0
0
0
0
0
0
0
0
0
0
0
0
0
0
0
0
0
0
0
0
0
0
0
0
0
0
0
0
0
0
0
0
0
0
0
0
0
0
0
0
0
0
0
0
0
0
0
0
0
0
0
0
0
0
0
0
0
0
0
0
0
0
0
0
0
0
0
0
0
0
0
0
0
0
0
0
0
0
0
0
0
0
0
0
0
0
0
0
0
0
0
0
0
0
0
0
0
0
0
0
0
0
0
0
0
0
0
0
0
0
0
0
0
0
0
0
0
0
0
0
0
0
0
0
0
0
0
0
0
0
0
0
0
0
0
0
0
0
0
0
0
0
0
0
0
0
0
0
0
0
0
0
0
0
0
0
0
0
0
0
0
0
0
0
0
0
0
0
0
0
0
0
0
0
0
0
0
0
0
0
0
0
0
0
0
0
0
0
144117404414255168
144117404414246912
144117404414255104
144117404414246912
144117387099111424
144117387099111424
144117387099111424
144117387099111424
144117404278980608
144117404278980608
144117404278980608
144117404278980608
144117387099111424
144117387099111424
144117387099111424
144117387099111424
144117404413198336
144117404413198336
144117404413198336
144117404413198336
144117387099111424
144117387099111424
144117387099111424
144117387099111424
144117404278980608
144117404278980608
144117404278980608
144117404278980608
144117387099111424
144117387099111424
144117387099111424
144117387099111424
0
0
0
0
0
0
0
0
0
0
0
0
0
0
0
0
0
0
0
0
0
0
0
0
0
0
0
0
0
0
0
0
0
0
0
0
0
0
0
0
0
0
0
0
0
0
0
0
0
0
0
0
0
0
0
0
0
0
0
0
0
0
0
0
0
0
0
0
0
0
0
0
0
0
0
0
0
0
0
0
0
0
0
0
0
0
0
0
0
0
0
0
0
0
0
0
0
0
0
0
0
0
0
0
0
0
0
0
0
0
0
0
0
0
0
0
0
0
0
0
0
0
0
0
0
0
0
0
0
0
0
0
0
0
0
0
0
0
0
0
0
0
0
0
0
0
0
0
0
0
0
0
0
0
0
0
0
0
0
0
0
0
0
0
0
0
0
0
0
0
0
0
0
0
0
0
0
0
0
0
0
0
0
0
0
0
0
0
0
0
0
0
0
0
0
0
0
0
0
0
0
0
0
0
0
0
0
0
0
0
0
0
0
0
0
0
0
0
0
0
0
0
0
0
0
0
0
0
0
0
0
0
0
0
0
0
0
0
0
0
0
0
0
0
0
0
0
0
0
0
0
0
0
0
0
0
0
0
0
0
0
0
0
0
0
0
0
0
0
0
0
0
0
0
0
0
0
0
0
0
0
0
0
0
0
0
0
0
0
0
0
0
0
0
0
0
0
0
0
0
0
0
0
0
0
0
0
0
0
0
0
0
0
0
0
0
0
0
0
0
0
0
0
0
0
0
0
0
0
0
0
0
0
0
0
0
0
0
0
0
0
0
0
0
0
0
0
0
0
0
0
0
0
0
0
0
0
0
0
0
0
0
0
0
0
0
0
0
0
0
0
0
0
0
0
0
0
0
0
0
0
0
0
0
0
0
0
0
0
0
0
0
0
0
0
0
0
0
0
0
0
0
0
0
0
0
0
0
0
0
0
0
0
0
0
0
0
0
0
0
0
0
0
0
0
0
0
0
0
0
0
0
0
0
0
0
0
0
0
0
0
0
0
0
0
0
0
0
0
0
0
0
0
0
0
0
0
0
0
0
0
0
0
0
0
0
0
0
0
0
0
0
0
0
0
0
0
0
0
0
360293502378066048
360293467747778560
360293502375952384
360293467747778560
360293502107516928
360293467747778560
360293502107516928
360293467747778560
360293502375952384
360293467747778560
360293502378049536
360293467747778560
360293502107516928
360293467747778560
360293502107516928
360293467747778560
360293502375952384
360293467747778560
360293502378049536
360293467747778560
360293502107516928
360293467747778560
360293502107516928
360293467747778560
360293502378065920
360293467747778560
360293502375952384
360293467747778560
360293502107516928
360293467747778560
360293502107516928
360293467747778560
0
0
0
0
0
0
0
0
0
0
0
0
0
0
0
0
0
0
0
0
0
0
0
0
0
0
0
0
0
0
0
0
0
0
0
0
0
0
0
0
0
0
0
0
0
0
0
0
0
0
0
0
0
0
0
0
0
0
0
0
0
0
0
0
0
0
0
0
0
0
0
0
0
0
0
0
0
0
0
0
0
0
0
0
0
0
0
0
0
0
0
0
0
0
0
0
0
0
0
0
0
0
0
0
0
0
0
0
0
0
0
0
0
0
0
0
0
0
0
0
0
0
0
0
0
0
0
0
0
0
0
0
0
0
0
0
0
0
0
0
0
0
0
0
0
0
0
0
0
0
0
0
0
0
0
0
0
0
0
0
0
0
0
0
0
0
0
0
0
0
0
0
0
0
0
0
0
0
0
0
0
0
0
0
0
0
0
0
0
0
0
0
0
0
0
0
0
0
0
0
0
0
0
0
0
0
0
0
0
0
0
0
0
0
0
0
0
0
0
0
0
0
0
0
0
0
0
0
0
0
0
0
0
0
0
0
0
0
0
0
0
0
0
0
0
0
0
0
0
0
0
0
0
0
0
0
0
0
0
0
0
0
0
0
0
0
0
0
0
0
0
0
0
0
0
0
0
0
0
0
0
0
0
0
0
0
0
0
0
0
0
0
0
0
0
0
0
0
0
0
0
0
0
0
0
0
0
0
0
0
0
0
0
0
0
0
0
0
0
0
0
0
0
0
0
0
0
0
0
0
0
0
0
0
0
0
0
0
0
0
0
0
0
0
0
0
0
0
0
0
0
0
0
0
0
0
0
0
0
0
0
0
0
0
0
0
0
0
0
0
0
0
0
0
0
0
0
0
0
0
0
0
0
0
0
0
0
0
0
0
0
0
0
0
0
0
0
0
0
0
0
0
0
0
0
0
0
0
0
0
0
0
0
0
0
0
0
0
0
0
0
0
0
0
0
0
0
0
0
0
0
0
0
0
0
0
0
0
0
0
0
0
0
0
0
0
0
0
0
0
0
0
0
0
0
0
0
0
0
0
0
0
0
0
0
0
0
0
0
0
0
0
0
0
0
0
0
0
0
0
720587009051099136
720587004756131840
720587009051066368
720587004756099072
720586939790524416
720586935495557120
720586939790524416
720586935495557120
720587008510001152
720587004215033856
720587008510001152
720587004215033856
720586939790524416
720586935495557120
720586939790524416
720586935495557120
720587009046872064
720587004751904768
720587009046872064
720587004751904768
720586939790524416
720586935495557120
720586939790524416
720586935495557120
720587008510001152
720587004215033856
720587008510001152
720587004215033856
720586939790524416
720586935495557120
720586939790524416
720586935495557120
0
0
0
0
0
0
0
0
0
0
0
0
0
0
0
0
0
0
0
0
0
0
0
0
0
0
0
0
0
0
0
0
0
0
0
0
0
0
0
0
0
0
0
0
0
0
0
0
0
0
0
0
0
0
0
0
0
0
0
0
0
0
0
0
0
0
0
0
0
0
0
0
0
0
0
0
0
0
0
0
0
0
0
0
0
0
0
0
0
0
0
0
0
0
0
0
0
0
0
0
0
0
0
0
0
0
0
0
0
0
0
0
0
0
0
0
0
0
0
0
0
0
0
0
0
0
0
0
0
0
0
0
0
0
0
0
0
0
0
0
0
0
0
0
0
0
0
0
0
0
0
0
0
0
0
0
0
0
0
0
0
0
0
0
0
0
0
0
0
0
0
0
0
0
0
0
0
0
0
0
0
0
0
0
0
0
0
0
0
0
0
0
0
0
0
0
0
0
0
0
0
0
0
0
0
0
0
0
0
0
0
0
0
0
0
0
0
0
0
0
0
0
0
0
0
0
0
0
0
0
0
0
0
0
0
0
0
0
0
0
0
0
0
0
0
0
0
0
0
0
0
0
0
0
0
0
0
0
0
0
0
0
0
0
0
0
0
0
0
0
0
0
0
0
0
0
0
0
0
0
0
0
0
0
0
0
0
0
0
0
0
0
0
0
0
0
0
0
0
0
0
0
0
0
0
0
0
0
0
0
0
0
0
0
0
0
0
0
0
0
0
0
0
0
0
0
0
0
0
0
0
0
0
0
0
0
0
0
0
0
0
0
0
0
0
0
0
0
0
0
0
0
0
0
0
0
0
0
0
0
0
0
0
0
0
0
0
0
0
0
0
0
0
0
0
0
0
0
0
0
0
0
0
0
0
0
0
0
0
0
0
0
0
0
0
0
0
0
0
0
0
0
0
0
0
0
0
0
0
0
0
0
0
0
0
0
0
0
0
0
0
0
0
0
0
0
0
0
0
0
0
0
0
0
0
0
0
0
0
0
0
0
0
0
0
0
0
0
0
0
0
0
0
0
0
0
0
0
0
0
0
0
0
0
0
0
0
0
0
0
0
0
0
0
0
0
0
0
0
0
1441174018118909952
1441174018102132736
1441173879597826048
1441173879581048832
1441174009512198144
1441174009512198144
1441173870991114240
1441173870991114240
1441174018110521344
1441174018093744128
1441173879597826048
1441173879581048832
1441174009503809536
1441174009503809536
1441173870991114240
1441173870991114240
1441174017036779520
1441174017020002304
1441173879597826048
1441173879581048832
1441174008430067712
1441174008430067712
1441173870991114240
1441173870991114240
1441174017036779520
1441174017020002304
1441173879597826048
1441173879581048832
1441174008430067712
1441174008430067712
1441173870991114240
1441173870991114240
0
0
0
0
0
0
0
0
0
0
0
0
0
0
0
0
0
0
0
0
0
0
0
0
0
0
0
0
0
0
0
0
0
0
0
0
0
0
0
0
0
0
0
0
0
0
0
0
0
0
0
0
0
0
0
0
0
0
0
0
0
0
0
0
0
0
0
0
0
0
0
0
0
0
0
0
0
0
0
0
0
0
0
0
0
0
0
0
0
0
0
0
0
0
0
0
0
0
0
0
0
0
0
0
0
0
0
0
0
0
0
0
0
0
0
0
0
0
0
0
0
0
0
0
0
0
0
0
0
0
0
0
0
0
0
0
0
0
0
0
0
0
0
0
0
0
0
0
0
0
0
0
0
0
0
0
0
0
0
0
0
0
0
0
0
0
0
0
0
0
0
0
0
0
0
0
0
0
0
0
0
0
0
0
0
0
0
0
0
0
0
0
0
0
0
0
0
0
0
0
0
0
0
0
0
0
0
0
0
0
0
0
0
0
0
0
0
0
0
0
0
0
0
0
0
0
0
0
0
0
0
0
0
0
0
0
0
0
0
0
0
0
0
0
0
0
0
0
0
0
0
0
0
0
0
0
0
0
0
0
0
0
0
0
0
0
0
0
0
0
0
0
0
0
0
0
0
0
0
0
0
0
0
0
0
0
0
0
0
0
0
0
0
0
0
0
0
0
0
0
0
0
0
0
0
0
0
0
0
0
0
0
0
0
0
0
0
0
0
0
0
0
0
0
0
0
0
0
0
0
0
0
0
0
0
0
0
0
0
0
0
0
0
0
0
0
0
0
0
0
0
0
0
0
0
0
0
0
0
0
0
0
0
0
0
0
0
0
0
0
0
0
0
0
0
0
0
0
0
0
0
0
0
0
0
0
0
0
0
0
0
0
0
0
0
0
0
0
0
0
0
0
0
0
0
0
0
0
0
0
0
0
0
0
0
0
0
0
0
0
0
0
0
0
0
0
0
0
0
0
0
0
0
0
0
0
0
0
0
0
0
0
0
0
0
0
0
0
0
0
0
0
0
0
0
0
0
0
0
0
0
0
0
0
0
0
0
0
0
0
0
0
0
0
0
0
0
0
0
0
2882348036221108224
2882348036187488256
2882348019007619072
2882348019007619072
2882347759195652096
2882347759162097664
2882347741982228480
2882347741982228480
2882347759195717632
2882347759162097664
2882347741982228480
2882347741982228480
2882348036221042688
2882348036187488256
2882348019007619072
2882348019007619072
2882348034073624576
2882348034040004608
2882348016860135424
2882348016860135424
2882347759195652096
2882347759162097664
2882347741982228480
2882347741982228480
2882347759195717632
2882347759162097664
2882347741982228480
2882347741982228480
2882348034073559040
2882348034040004608
2882348016860135424
2882348016860135424
0
0
0
0
0
0
0
0
0
0
0
0
0
0
0
0
0
0
0
0
0
0
0
0
0
0
0
0
0
0
0
0
0
0
0
0
0
0
0
0
0
0
0
0
0
0
0
0
0
0
0
0
0
0
0
0
0
0
0
0
0
0
0
0
0
0
0
0
0
0
0
0
0
0
0
0
0
0
0
0
0
0
0
0
0
0
0
0
0
0
0
0
0
0
0
0
0
0
0
0
0
0
0
0
0
0
0
0
0
0
0
0
0
0
0
0
0
0
0
0
0
0
0
0
0
0
0
0
0
0
0
0
0
0
0
0
0
0
0
0
0
0
0
0
0
0
0
0
0
0
0
0
0
0
0
0
0
0
0
0
0
0
0
0
0
0
0
0
0
0
0
0
0
0
0
0
0
0
0
0
0
0
0
0
0
0
0
0
0
0
0
0
0
0
0
0
0
0
0
0
0
0
0
0
0
0
0
0
0
0
0
0
0
0
0
0
0
0
0
0
0
0
0
0
0
0
0
0
0
0
0
0
0
0
0
0
0
0
0
0
0
0
0
0
0
0
0
0
0
0
0
0
0
0
0
0
0
0
0
0
0
0
0
0
0
0
0
0
0
0
0
0
0
0
0
0
0
0
0
0
0
0
0
0
0
0
0
0
0
0
0
0
0
0
0
0
0
0
0
0
0
0
0
0
0
0
0
0
0
0
0
0
0
0
0
0
0
0
0
0
0
0
0
0
0
0
0
0
0
0
0
0
0
0
0
0
0
0
0
0
0
0
0
0
0
0
0
0
0
0
0
0
0
0
0
0
0
0
0
0
0
0
0
0
0
0
0
0
0
0
0
0
0
0
0
0
0
0
0
0
0
0
0
0
0
0
0
0
0
0
0
0
0
0
0
0
0
0
0
0
0
0
0
0
0
0
0
0
0
0
0
0
0
0
0
0
0
0
0
0
0
0
0
0
0
0
0
0
0
0
0
0
0
0
0
0
0
0
0
0
0
0
0
0
0
0
0
0
0
0
0
0
0
0
0
0
0
0
0
0
0
0
0
0
0
0
0
0
0
0
0
0
0
0
0
0
0
0
0
0
5764696068147249408
5764696068080009216
5764696068147249152
5764696068080009216
5764696033720270848
5764696033720270848
5764696033720270848
5764696033720270848
5764696068147118080
5764696068080009216
5764696068147118080
5764696068080009216
5764695483964456960
5764695483964456960
5764695483964456960
5764695483964456960
5764695518391435520
5764695518324195328
5764695518391435264
5764695518324195328
5764695483964456960
5764695483964456960
5764695483964456960
5764695483964456960
5764695518391304192
5764695518324195328
5764695518391304192
5764695518324195328
5764696033720270848
5764696033720270848
5764696033720270848
5764696033720270848
0
0
0
0
0
0
0
0
0
0
0
0
0
0
0
0
0
0
0
0
0
0
0
0
0
0
0
0
0
0
0
0
0
0
0
0
0
0
0
0
0
0
0
0
0
0
0
0
0
0
0
0
0
0
0
0
0
0
0
0
0
0
0
0
0
0
0
0
0
0
0
0
0
0
0
0
0
0
0
0
0
0
0
0
0
0
0
0
0
0
0
0
0
0
0
0
0
0
0
0
0
0
0
0
0
0
0
0
0
0
0
0
0
0
0
0
0
0
0
0
0
0
0
0
0
0
0
0
0
0
0
0
0
0
0
0
0
0
0
0
0
0
0
0
0
0
0
0
0
0
0
0
0
0
0
0
0
0
0
0
0
0
0
0
0
0
0
0
0
0
0
0
0
0
0
0
0
0
0
0
0
0
0
0
0
0
0
0
0
0
0
0
0
0
0
0
0
0
0
0
0
0
0
0
0
0
0
0
0
0
0
0
0
0
0
0
0
0
0
0
0
0
0
0
0
0
0
0
0
0
0
0
0
0
0
0
0
0
0
0
0
0
0
0
0
0
0
0
0
0
0
0
0
0
0
0
0
0
0
0
0
0
0
0
0
0
0
0
0
0
0
0
0
0
0
0
0
0
0
0
0
0
0
0
0
0
0
0
0
0
0
0
0
0
0
0
0
0
0
0
0
0
0
0
0
0
0
0
0
0
0
0
0
0
0
0
0
0
0
0
0
0
0
0
0
0
0
0
0
0
0
0
0
0
0
0
0
0
0
0
0
0
0
0
0
0
0
0
0
0
0
0
0
0
0
0
0
0
0
0
0
0
0
0
0
0
0
0
0
0
0
0
0
0
0
0
0
0
0
0
0
0
0
0
0
0
0
0
0
0
0
0
0
0
0
0
0
0
0
0
0
0
0
0
0
0
0
0
0
0
0
0
0
0
0
0
0
0
0
0
0
0
0
0
0
0
0
0
0
0
0
0
0
0
0
0
0
0
0
0
0
0
0
0
0
0
0
0
0
0
0
0
0
0
0
0
0
0
0
0
0
0
0
0
0
0
0
0
0
0
0
0
0
0
0
0
0
0
0
0
11529391036782871041
11529390967928913920
11529391036782608384
11529390967928913920
11529391036648390656
11529390967928913920
11529391036648390656
11529390967928913920
11529391036782870528
11529390967928913920
11529391036782608384
11529390967928913920
11529391036648390656
11529390967928913920
11529391036648390656
11529390967928913920
11529391036782871040
11529390967928913920
11529391036782608384
11529390967928913920
11529391036648390656
11529390967928913920
11529391036648390656
11529390967928913920
11529391036782870528
11529390967928913920
11529391036782608384
11529390967928913920
11529391036648390656
11529390967928913920
11529391036648390656
11529390967928913920
0
0
0
0
0
0
0
0
0
0
0
0
0
0
0
0
0
0
0
0
0
0
0
0
0
0
0
0
0
0
0
0
0
0
0
0
0
0
0
0
0
0
0
0
0
0
0
0
0
0
0
0
0
0
0
0
0
0
0
0
0
0
0
0
0
0
0
0
0
0
0
0
0
0
0
0
0
0
0
0
0
0
0
0
0
0
0
0
0
0
0
0
0
0
0
0
0
0
0
0
0
0
0
0
0
0
0
0
0
0
0
0
0
0
0
0
0
0
0
0
0
0
0
0
0
0
0
0
0
0
0
0
0
0
0
0
0
0
0
0
0
0
0
0
0
0
0
0
0
0
0
0
0
0
0
0
0
0
0
0
0
0
0
0
0
0
0
0
0
0
0
0
0
0
0
0
0
0
0
0
0
0
0
0
0
0
0
0
0
0
0
0
0
0
0
0
0
0
0
0
0
0
0
0
0
0
0
0
0
0
0
0
0
0
0
0
0
0
0
0
0
0
0
0
0
0
0
0
0
0
0
0
0
0
0
0
0
0
0
0
0
0
0
0
0
0
0
0
0
0
0
0
0
0
0
0
0
0
0
0
0
0
0
0
0
0
0
0
0
0
0
0
0
0
0
0
0
0
0
0
0
0
0
0
0
0
0
0
0
0
0
0
0
0
0
0
0
0
0
0
0
0
0
0
0
0
0
0
0
0
0
0
0
0
0
0
0
0
0
0
0
0
0
0
0
0
0
0
0
0
0
0
0
0
0
0
0
0
0
0
0
0
0
0
0
0
0
0
0
0
0
0
0
0
0
0
0
0
0
0
0
0
0
0
0
0
0
0
0
0
0
0
0
0
0
0
0
0
0
0
0
0
0
0
0
0
0
0
0
0
0
0
0
0
0
0
0
0
0
0
0
0
0
0
0
0
0
0
0
0
0
0
0
0
0
0
0
0
0
0
0
0
0
0
0
0
0
0
0
0
0
0
0
0
0
0
0
0
0
0
0
0
0
0
0
0
0
0
0
0
0
0
0
0
0
0
0
0
0
0
0
0
0
0
0
0
0
0
0
0
0
0
0
0
0
0
0
0
0
0
4611756524879479810
4611756387171565568
4611756524878954496
4611756387171565568
4611756524610519040
4611756387171565568
4611756524610519040
4611756387171565568
4611756524879479808
4611756387171565568
4611756524878954496
4611756387171565568
4611756524610519040
4611756387171565568
4611756524610519040
4611756387171565568
4611756524878954496
4611756387171565568
4611756524879478784
4611756387171565568
4611756524610519040
4611756387171565568
4611756524610519040
4611756387171565568
4611756524878954496
4611756387171565568
4611756524879478784
4611756387171565568
4611756524610519040
4611756387171565568
4611756524610519040
4611756387171565568
0
0
0
0
0
0
0
0
0
0
0
0
0
0
0
0
0
0
0
0
0
0
0
0
0
0
0
0
0
0
0
0
0
0
0
0
0
0
0
0
0
0
0
0
0
0
0
0
0
0
0
0
0
0
0
0
0
0
0
0
0
0
0
0
0
0
0
0
0
0
0
0
0
0
0
0
0
0
0
0
0
0
0
0
0
0
0
0
0
0
0
0
0
0
0
0
0
0
0
0
0
0
0
0
0
0
0
0
0
0
0
0
0
0
0
0
0
0
0
0
0
0
0
0
0
0
0
0
0
0
0
0
0
0
0
0
0
0
0
0
0
0
0
0
0
0
0
0
0
0
0
0
0
0
0
0
0
0
0
0
0
0
0
0
0
0
0
0
0
0
0
0
0
0
0
0
0
0
0
0
0
0
0
0
0
0
0
0
0
0
0
0
0
0
0
0
0
0
0
0
0
0
0
0
0
0
0
0
0
0
0
0
0
0
0
0
0
0
0
0
0
0
0
0
0
0
0
0
0
0
0
0
0
0
0
0
0
0
0
0
0
0
0
0
0
0
0
0
0
0
0
0
0
0
0
0
0
0
0
0
0
0
0
0
0
0
0
0
0
0
0
0
0
0
0
0
0
0
0
0
0
0
0
0
0
0
0
0
0
0
0
0
0
0
0
0
0
0
0
0
0
0
0
0
0
0
0
0
0
0
0
0
0
0
0
0
0
0
0
0
0
0
0
0
0
0
0
0
0
0
0
0
0
0
0
0
0
0
0
0
0
0
0
0
0
0
0
0
0
0
0
0
0
0
0
0
0
0
0
0
0
0
0
0
0
0
0
0
0
0
0
0
0
0
0
0
0
0
0
0
0
0
0
0
0
0
0
0
0
0
0
0
0
0
0
0
0
0
0
0
0
0
0
0
0
0
0
0
0
0
0
0
0
0
0
0
0
0
0
0
0
0
0
0
0
0
0
0
0
0
0
0
0
0
0
0
0
0
0
0
0
0
0
0
0
0
0
0
0
0
0
0
0
0
0
0
0
0
0
0
0
0
0
0
0
0
0
0
0
0
0
0
0
0
0
0
0
0
0
0
567382630219904
567347999932416
562949953421312
562949953421312
567382359670784
567347999932416
562949953421312
562949953421312
567382628106240
567347999932416
562949953421312
562949953421312
567382359670784
567347999932416
562949953421312
562949953421312
567382630219776
567347999932416
562949953421312
562949953421312
567382359670784
567347999932416
562949953421312
562949953421312
567382628106240
567347999932416
562949953421312
562949953421312
567382359670784
567347999932416
562949953421312
562949953421312
567382630203392
567347999932416
562949953421312
562949953421312
567382359670784
567347999932416
562949953421312
562949953421312
567382628106240
567347999932416
562949953421312
562949953421312
567382359670784
567347999932416
562949953421312
562949953421312
567382630203392
567347999932416
562949953421312
562949953421312
567382359670784
567347999932416
562949953421312
562949953421312
567382628106240
567347999932416
562949953421312
562949953421312
567382359670784
567347999932416
562949953421312
562949953421312
0
0
0
0
0
0
0
0
0
0
0
0
0
0
0
0
0
0
0
0
0
0
0
0
0
0
0
0
0
0
0
0
0
0
0
0
0
0
0
0
0
0
0
0
0
0
0
0
0
0
0
0
0
0
0
0
0
0
0
0
0
0
0
0
0
0
0
0
0
0
0
0
0
0
0
0
0
0
0
0
0
0
0
0
0
0
0
0
0
0
0
0
0
0
0
0
0
0
0
0
0
0
0
0
0
0
0
0
0
0
0
0
0
0
0
0
0
0
0
0
0
0
0
0
0
0
0
0
0
0
0
0
0
0
0
0
0
0
0
0
0
0
0
0
0
0
0
0
0
0
0
0
0
0
0
0
0
0
0
0
0
0
0
0
0
0
0
0
0
0
0
0
0
0
0
0
0
0
0
0
0
0
0
0
0
0
0
0
0
0
0
0
0
0
0
0
0
0
0
0
0
0
0
0
0
0
0
0
0
0
0
0
0
0
0
0
0
0
0
0
0
0
0
0
0
0
0
0
0
0
0
0
0
0
0
0
0
0
0
0
0
0
0
0
0
0
0
0
0
0
0
0
0
0
0
0
0
0
0
0
0
0
0
0
0
0
0
0
0
0
0
0
0
0
0
0
0
0
0
0
0
0
0
0
0
0
0
0
0
0
0
0
0
0
0
0
0
0
0
0
0
0
0
0
0
0
0
0
0
0
0
0
0
0
0
0
0
0
0
0
0
0
0
0
0
0
0
0
0
0
0
0
0
0
0
0
0
0
0
0
0
0
0
0
0
0
0
0
0
0
0
0
0
0
0
0
0
0
0
0
0
0
0
0
0
0
0
0
0
0
0
0
0
0
0
0
0
0
0
0
0
0
0
0
0
0
0
0
0
0
0
0
0
0
0
0
0
0
0
0
0
0
0
0
0
0
0
0
0
0
0
0
0
0
0
0
0
0
0
0
0
0
0
0
0
0
0
0
0
0
0
0
0
0
0
0
0
0
0
0
0
0
0
0
0
0
0
0
1416240237150208
1407374883553280
1416170976575488
1407374883553280
1416239696052224
1407374883553280
1416170976575488
1407374883553280
1416240232923136
1407374883553280
1416170976575488
1407374883553280
1416239696052224
1407374883553280
1416170976575488
1407374883553280
1416240237117440
1407374883553280
1416170976575488
1407374883553280
1416239696052224
1407374883553280
1416170976575488
1407374883553280
1416240232923136
1407374883553280
1416170976575488
1407374883553280
1416239696052224
1407374883553280
1416170976575488
1407374883553280
0
0
0
0
0
0
0
0
0
0
0
0
0
0
0
0
0
0
0
0
0
0
0
0
0
0
0
0
0
0
0
0
0
0
0
0
0
0
0
0
0
0
0
0
0
0
0
0
0
0
0
0
0
0
0
0
0
0
0
0
0
0
0
0
0
0
0
0
0
0
0
0
0
0
0
0
0
0
0
0
0
0
0
0
0
0
0
0
0
0
0
0
0
0
0
0
0
0
0
0
0
0
0
0
0
0
0
0
0
0
0
0
0
0
0
0
0
0
0
0
0
0
0
0
0
0
0
0
0
0
0
0
0
0
0
0
0
0
0
0
0
0
0
0
0
0
0
0
0
0
0
0
0
0
0
0
0
0
0
0
0
0
0
0
0
0
0
0
0
0
0
0
0
0
0
0
0
0
0
0
0
0
0
0
0
0
0
0
0
0
0
0
0
0
0
0
0
0
0
0
0
0
0
0
0
0
0
0
0
0
0
0
0
0
0
0
0
0
0
0
0
0
0
0
0
0
0
0
0
0
0
0
0
0
0
0
0
0
0
0
0
0
0
0
0
0
0
0
0
0
0
0
0
0
0
0
0
0
0
0
0
0
0
0
0
0
0
0
0
0
0
0
0
0
0
0
0
0
0
0
0
0
0
0
0
0
0
0
0
0
0
0
0
0
0
0
0
0
0
0
0
0
0
0
0
0
0
0
0
0
0
0
0
0
0
0
0
0
0
0
0
0
0
0
0
0
0
0
0
0
0
0
0
0
0
0
0
0
0
0
0
0
0
0
0
0
0
0
0
0
0
0
0
0
0
0
0
0
0
0
0
0
0
0
0
0
0
0
0
0
0
0
0
0
0
0
0
0
0
0
0
0
0
0
0
0
0
0
0
0
0
0
0
0
0
0
0
0
0
0
0
0
0
0
0
0
0
0
0
0
0
0
0
0
0
0
0
0
0
0
0
0
0
0
0
0
0
0
0
0
0
0
0
0
0
0
0
0
0
0
0
0
0
0
0
0
0
0
0
0
0
0
0
0
0
0
0
0
0
0
0
0
0
0
0
0
0
0
0
0
0
0
0
0
0
0
0
0
0
0
2833579985862656
2833441464778752
2832480474234880
2832341953150976
2815849278734336
2815849278734336
2814749767106560
2814749767106560
2815849278734336
2815849278734336
2814749767106560
2814749767106560
2833578903732224
2833441464778752
2832479392104448
2832341953150976
2833579977474048
2833441464778752
2832480465846272
2832341953150976
2815849278734336
2815849278734336
2814749767106560
2814749767106560
2815849278734336
2815849278734336
2814749767106560
2814749767106560
2833578903732224
2833441464778752
2832479392104448
2832341953150976
0
0
0
0
0
0
0
0
0
0
0
0
0
0
0
0
0
0
0
0
0
0
0
0
0
0
0
0
0
0
0
0
0
0
0
0
0
0
0
0
0
0
0
0
0
0
0
0
0
0
0
0
0
0
0
0
0
0
0
0
0
0
0
0
0
0
0
0
0
0
0
0
0
0
0
0
0
0
0
0
0
0
0
0
0
0
0
0
0
0
0
0
0
0
0
0
0
0
0
0
0
0
0
0
0
0
0
0
0
0
0
0
0
0
0
0
0
0
0
0
0
0
0
0
0
0
0
0
0
0
0
0
0
0
0
0
0
0
0
0
0
0
0
0
0
0
0
0
0
0
0
0
0
0
0
0
0
0
0
0
0
0
0
0
0
0
0
0
0
0
0
0
0
0
0
0
0
0
0
0
0
0
0
0
0
0
0
0
0
0
0
0
0
0
0
0
0
0
0
0
0
0
0
0
0
0
0
0
0
0
0
0
0
0
0
0
0
0
0
0
0
0
0
0
0
0
0
0
0
0
0
0
0
0
0
0
0
0
0
0
0
0
0
0
0
0
0
0
0
0
0
0
0
0
0
0
0
0
0
0
0
0
0
0
0
0
0
0
0
0
0
0
0
0
0
0
0
0
0
0
0
0
0
0
0
0
0
0
0
0
0
0
0
0
0
0
0
0
0
0
0
0
0
0
0
0
0
0
0
0
0
0
0
0
0
0
0
0
0
0
0
0
0
0
0
0
0
0
0
0
0
0
0
0
0
0
0
0
0
0
0
0
0
0
0
0
0
0
0
0
0
0
0
0
0
0
0
0
0
0
0
0
0
0
0
0
0
0
0
0
0
0
0
0
0
0
0
0
0
0
0
0
0
0
0
0
0
0
0
0
0
0
0
0
0
0
0
0
0
0
0
0
0
0
0
0
0
0
0
0
0
0
0
0
0
0
0
0
0
0
0
0
0
0
0
0
0
0
0
0
0
0
0
0
0
0
0
0
0
0
0
0
0
0
0
0
0
0
0
0
0
0
0
0
0
0
0
0
0
0
0
0
0
0
0
0
0
0
0
0
0
0
0
0
0
0
0
0
0
0
5667164249915392
5664683906301952
5666887224524800
5667162102431744
5664960931692544
5666887224524800
5664683906301952
5664958784208896
5631698557468672
5664683906301952
5631698557468672
5631698557468672
5629499534213120
5631698557468672
5629499534213120
5629499534213120
5631702852435968
5629499534213120
5631702852435968
5631702852435968
5629499534213120
5631702852435968
5629499534213120
5629499534213120
5667159954948096
5629499534213120
5666882929557504
5667157807464448
5664960931692544
5666882929557504
5664683906301952
5664958784208896
0
0
0
0
0
0
0
0
0
0
0
0
0
0
0
0
0
0
0
0
0
0
0
0
0
0
0
0
0
0
0
0
0
0
0
0
0
0
0
0
0
0
0
0
0
0
0
0
0
0
0
0
0
0
0
0
0
0
0
0
0
0
0
0
0
0
0
0
0
0
0
0
0
0
0
0
0
0
0
0
0
0
0
0
0
0
0
0
0
0
0
0
0
0
0
0
0
0
0
0
0
0
0
0
0
0
0
0
0
0
0
0
0
0
0
0
0
0
0
0
0
0
0
0
0
0
0
0
0
0
0
0
0
0
0
0
0
0
0
0
0
0
0
0
0
0
0
0
0
0
0
0
0
0
0
0
0
0
0
0
0
0
0
0
0
0
0
0
0
0
0
0
0
0
0
0
0
0
0
0
0
0
0
0
0
0
0
0
0
0
0
0
0
0
0
0
0
0
0
0
0
0
0
0
0
0
0
0
0
0
0
0
0
0
0
0
0
0
0
0
0
0
0
0
0
0
0
0
0
0
0
0
0
0
0
0
0
0
0
0
0
0
0
0
0
0
0
0
0
0
0
0
0
0
0
0
0
0
0
0
0
0
0
0
0
0
0
0
0
0
0
0
0
0
0
0
0
0
0
0
0
0
0
0
0
0
0
0
0
0
0
0
0
0
0
0
0
0
0
0
0
0
0
0
0
0
0
0
0
0
0
0
0
0
0
0
0
0
0
0
0
0
0
0
0
0
0
0
0
0
0
0
0
0
0
0
0
0
0
0
0
0
0
0
0
0
0
0
0
0
0
0
0
0
0
0
0
0
0
0
0
0
0
0
0
0
0
0
0
0
0
0
0
0
0
0
0
0
0
0
0
0
0
0
0
0
0
0
0
0
0
0
0
0
0
0
0
0
0
0
0
0
0
0
0
0
0
0
0
0
0
0
0
0
0
0
0
0
0
0
0
0
0
0
0
0
0
0
0
0
0
0
0
0
0
0
0
0
0
0
0
0
0
0
0
0
0
0
0
0
0
0
0
0
0
0
0
0
0
0
0
0
0
0
0
0
0
0
0
0
0
0
0
0
0
0
0
0
0
0
11334324221640704
11329367812603904
11258999068426240
11333774465826816
11334324204863488
11258999068426240
11258999068426240
11333774449049600
11263405721649152
11258999068426240
11329917568417792
11263405721649152
11263405704871936
11329367812603904
11329917568417792
11263405704871936
11334315614928896
11329367812603904
11258999068426240
11333765859115008
11334315614928896
11258999068426240
11258999068426240
11333765859115008
11263397114937344
11258999068426240
11329917568417792
11263397114937344
11263397114937344
11329367812603904
11329917568417792
11263397114937344
0
0
0
0
0
0
0
0
0
0
0
0
0
0
0
0
0
0
0
0
0
0
0
0
0
0
0
0
0
0
0
0
0
0
0
0
0
0
0
0
0
0
0
0
0
0
0
0
0
0
0
0
0
0
0
0
0
0
0
0
0
0
0
0
0
0
0
0
0
0
0
0
0
0
0
0
0
0
0
0
0
0
0
0
0
0
0
0
0
0
0
0
0
0
0
0
0
0
0
0
0
0
0
0
0
0
0
0
0
0
0
0
0
0
0
0
0
0
0
0
0
0
0
0
0
0
0
0
0
0
0
0
0
0
0
0
0
0
0
0
0
0
0
0
0
0
0
0
0
0
0
0
0
0
0
0
0
0
0
0
0
0
0
0
0
0
0
0
0
0
0
0
0
0
0
0
0
0
0
0
0
0
0
0
0
0
0
0
0
0
0
0
0
0
0
0
0
0
0
0
0
0
0
0
0
0
0
0
0
0
0
0
0
0
0
0
0
0
0
0
0
0
0
0
0
0
0
0
0
0
0
0
0
0
0
0
0
0
0
0
0
0
0
0
0
0
0
0
0
0
0
0
0
0
0
0
0
0
0
0
0
0
0
0
0
0
0
0
0
0
0
0
0
0
0
0
0
0
0
0
0
0
0
0
0
0
0
0
0
0
0
0
0
0
0
0
0
0
0
0
0
0
0
0
0
0
0
0
0
0
0
0
0
0
0
0
0
0
0
0
0
0
0
0
0
0
0
0
0
0
0
0
0
0
0
0
0
0
0
0
0
0
0
0
0
0
0
0
0
0
0
0
0
0
0
0
0
0
0
0
0
0
0
0
0
0
0
0
0
0
0
0
0
0
0
0
0
0
0
0
0
0
0
0
0
0
0
0
0
0
0
0
0
0
0
0
0
0
0
0
0
0
0
0
0
0
0
0
0
0
0
0
0
0
0
0
0
0
0
0
0
0
0
0
0
0
0
0
0
0
0
0
0
0
0
0
0
0
0
0
0
0
0
0
0
0
0
0
0
0
0
0
0
0
0
0
0
0
0
0
0
0
0
0
0
0
0
0
0
0
0
0
0
0
0
0
0
0
0
0
22667548931719168
22526794229874688
22658735625207808
22517998136852480
22667531718230016
22667548898099200
22658735625207808
22658735625207808
22526811443363840
22667531718230016
22517998136852480
22658735625207808
22526794229874688
22526811409743872
22517998136852480
22517998136852480
22667548931653632
22526794229874688
22658735625207808
22517998136852480
22667531718230016
22667548898099200
22658735625207808
22658735625207808
22526811443298304
22667531718230016
22517998136852480
22658735625207808
22526794229874688
22526811409743872
22517998136852480
22517998136852480
0
0
0
0
0
0
0
0
0
0
0
0
0
0
0
0
0
0
0
0
0
0
0
0
0
0
0
0
0
0
0
0
0
0
0
0
0
0
0
0
0
0
0
0
0
0
0
0
0
0
0
0
0
0
0
0
0
0
0
0
0
0
0
0
0
0
0
0
0
0
0
0
0
0
0
0
0
0
0
0
0
0
0
0
0
0
0
0
0
0
0
0
0
0
0
0
0
0
0
0
0
0
0
0
0
0
0
0
0
0
0
0
0
0
0
0
0
0
0
0
0
0
0
0
0
0
0
0
0
0
0
0
0
0
0
0
0
0
0
0
0
0
0
0
0
0
0
0
0
0
0
0
0
0
0
0
0
0
0
0
0
0
0
0
0
0
0
0
0
0
0
0
0
0
0
0
0
0
0
0
0
0
0
0
0
0
0
0
0
0
0
0
0
0
0
0
0
0
0
0
0
0
0
0
0
0
0
0
0
0
0
0
0
0
0
0
0
0
0
0
0
0
0
0
0
0
0
0
0
0
0
0
0
0
0
0
0
0
0
0
0
0
0
0
0
0
0
0
0
0
0
0
0
0
0
0
0
0
0
0
0
0
0
0
0
0
0
0
0
0
0
0
0
0
0
0
0
0
0
0
0
0
0
0
0
0
0
0
0
0
0
0
0
0
0
0
0
0
0
0
0
0
0
0
0
0
0
0
0
0
0
0
0
0
0
0
0
0
0
0
0
0
0
0
0
0
0
0
0
0
0
0
0
0
0
0
0
0
0
0
0
0
0
0
0
0
0
0
0
0
0
0
0
0
0
0
0
0
0
0
0
0
0
0
0
0
0
0
0
0
0
0
0
0
0
0
0
0
0
0
0
0
0
0
0
0
0
0
0
0
0
0
0
0
0
0
0
0
0
0
0
0
0
0
0
0
0
0
0
0
0
0
0
0
0
0
0
0
0
0
0
0
0
0
0
0
0
0
0
0
0
0
0
0
0
0
0
0
0
0
0
0
0
0
0
0
0
0
0
0
0
0
0
0
0
0
0
0
0
0
0
0
0
0
0
0
0
0
0
0
0
0
0
0
0
0
0
0
0
0
45053622886727936
45053622886596608
45035996273704960
45035996273704960
45053588459749376
45053588459749376
45035996273704960
45035996273704960
45053622819487744
45053622886727680
45035996273704960
45035996273704960
45053588459749376
45053588459749376
45035996273704960
45035996273704960
45053622819487744
45053622819487744
45035996273704960
45035996273704960
45053588459749376
45053588459749376
45035996273704960
45035996273704960
45053622886596608
45053622819487744
45035996273704960
45035996273704960
45053588459749376
45053588459749376
45035996273704960
45035996273704960
0
0
0
0
0
0
0
0
0
0
0
0
0
0
0
0
0
0
0
0
0
0
0
0
0
0
0
0
0
0
0
0
0
0
0
0
0
0
0
0
0
0
0
0
0
0
0
0
0
0
0
0
0
0
0
0
0
0
0
0
0
0
0
0
0
0
0
0
0
0
0
0
0
0
0
0
0
0
0
0
0
0
0
0
0
0
0
0
0
0
0
0
0
0
0
0
0
0
0
0
0
0
0
0
0
0
0
0
0
0
0
0
0
0
0
0
0
0
0
0
0
0
0
0
0
0
0
0
0
0
0
0
0
0
0
0
0
0
0
0
0
0
0
0
0
0
0
0
0
0
0
0
0
0
0
0
0
0
0
0
0
0
0
0
0
0
0
0
0
0
0
0
0
0
0
0
0
0
0
0
0
0
0
0
0
0
0
0
0
0
0
0
0
0
0
0
0
0
0
0
0
0
0
0
0
0
0
0
0
0
0
0
0
0
0
0
0
0
0
0
0
0
0
0
0
0
0
0
0
0
0
0
0
0
0
0
0
0
0
0
0
0
0
0
0
0
0
0
0
0
0
0
0
0
0
0
0
0
0
0
0
0
0
0
0
0
0
0
0
0
0
0
0
0
0
0
0
0
0
0
0
0
0
0
0
0
0
0
0
0
0
0
0
0
0
0
0
0
0
0
0
0
0
0
0
0
0
0
0
0
0
0
0
0
0
0
0
0
0
0
0
0
0
0
0
0
0
0
0
0
0
0
0
0
0
0
0
0
0
0
0
0
0
0
0
0
0
0
0
0
0
0
0
0
0
0
0
0
0
0
0
0
0
0
0
0
0
0
0
0
0
0
0
0
0
0
0
0
0
0
0
0
0
0
0
0
0
0
0
0
0
0
0
0
0
0
0
0
0
0
0
0
0
0
0
0
0
0
0
0
0
0
0
0
0
0
0
0
0
0
0
0
0
0
0
0
0
0
0
0
0
0
0
0
0
0
0
0
0
0
0
0
0
0
0
0
0
0
0
0
0
0
0
0
0
0
0
0
0
0
0
0
0
0
0
0
0
0
0
0
0
0
0
0
0
0
0
0
0
0
18049651735527937
18014398509481984
18049651601047552
18014398509481984
18049582881570816
18014398509481984
18049582881570816
18014398509481984
18049651735265280
18014398509481984
18049651601047552
18014398509481984
18049582881570816
18014398509481984
18049582881570816
18014398509481984
18049651735527424
18014398509481984
18049651601047552
18014398509481984
18049582881570816
18014398509481984
18049582881570816
18014398509481984
18049651735265280
18014398509481984
18049651601047552
18014398509481984
18049582881570816
18014398509481984
18049582881570816
18014398509481984
18049651735527936
18014398509481984
18049651601047552
18014398509481984
18049582881570816
18014398509481984
18049582881570816
18014398509481984
18049651735265280
18014398509481984
18049651601047552
18014398509481984
18049582881570816
18014398509481984
18049582881570816
18014398509481984
18049651735527424
18014398509481984
18049651601047552
18014398509481984
18049582881570816
18014398509481984
18049582881570816
18014398509481984
18049651735265280
18014398509481984
18049651601047552
18014398509481984
18049582881570816
18014398509481984
18049582881570816
18014398509481984
0
0
0
0
0
0
0
0
0
0
0
0
0
0
0
0
0
0
0
0
0
0
0
0
0
0
0
0
0
0
0
0
0
0
0
0
0
0
0
0
0
0
0
0
0
0
0
0
0
0
0
0
0
0
0
0
0
0
0
0
0
0
0
0
0
0
0
0
0
0
0
0
0
0
0
0
0
0
0
0
0
0
0
0
0
0
0
0
0
0
0
0
0
0
0
0
0
0
0
0
0
0
0
0
0
0
0
0
0
0
0
0
0
0
0
0
0
0
0
0
0
0
0
0
0
0
0
0
0
0
0
0
0
0
0
0
0
0
0
0
0
0
0
0
0
0
0
0
0
0
0
0
0
0
0
0
0
0
0
0
0
0
0
0
0
0
0
0
0
0
0
0
0
0
0
0
0
0
0
0
0
0
0
0
0
0
0
0
0
0
0
0
0
0
0
0
0
0
0
0
0
0
0
0
0
0
0
0
0
0
0
0
0
0
0
0
0
0
0
0
0
0
0
0
0
0
0
0
0
0
0
0
0
0
0
0
0
0
0
0
0
0
0
0
0
0
0
0
0
0
0
0
0
0
0
0
0
0
0
0
0
0
0
0
0
0
0
0
0
0
0
0
0
0
0
0
0
0
0
0
0
0
0
0
0
0
0
0
0
0
0
0
0
0
0
0
0
0
0
0
0
0
0
0
0
0
0
0
0
0
0
0
0
0
0
0
0
0
0
0
0
0
0
0
0
0
0
0
0
0
0
0
0
0
0
0
0
0
0
0
0
0
0
0
0
0
0
0
0
0
0
0
0
0
0
0
0
0
0
0
0
0
0
0
0
0
0
0
0
0
0
0
0
0
0
0
0
0
0
0
0
0
0
0
0
0
0
0
0
0
0
0
0
0
0
0
0
0
0
0
0
0
0
0
0
0
0
0
0
0
0
0
0
0
0
0
0
0
0
0
0
0
0
0
0
0
0
0
0
0
0
0
0
0
0
0
0
0
0
0
0
0
0
0
0
0
0
0
